2026-08-27T17:36:02.110-03:00  INFO 21918 --- [apigateway] [restartedMain] c.l.apigateway.ApigatewayApplication     : Starting ApigatewayApplication using Java 25 with PID 21918 (/home/kelu/ranga/spring-microservice/apigateway/target/classes started by kelu in /home/kelu/ranga/spring-microservice/apigateway)
2026-08-27T17:36:02.115-03:00  INFO 21918 --- [apigateway] [restartedMain] c.l.apigateway.ApigatewayApplication     : No active profile set, falling back to 1 default profile: "default"
2026-08-27T17:36:02.189-03:00  INFO 21918 --- [apigateway] [restartedMain] o.s.c.c.c.ConfigServerConfigDataLoader   : Fetching config from server at : http://localhost:8888
2026-08-27T17:36:02.190-03:00  INFO 21918 --- [apigateway] [restartedMain] o.s.c.c.c.ConfigServerConfigDataLoader   : Exception on Url - http://localhost:8888:org.springframework.web.client.ResourceAccessException: I/O error on GET request for "http://localhost:8888/apigateway/default": Conexão recusada. Will be trying the next url if available
2026-08-27T17:36:02.190-03:00  WARN 21918 --- [apigateway] [restartedMain] o.s.c.c.c.ConfigServerConfigDataLoader   : Could not locate PropertySource ([ConfigServerConfigDataResource@6344b514 uris = array<String>['http://localhost:8888'], optional = true, profiles = 'default']): I/O error on GET request for "http://localhost:8888/apigateway/default": Conexão recusada
2026-08-27T17:36:02.192-03:00  INFO 21918 --- [apigateway] [restartedMain] o.s.c.c.c.ConfigServerConfigDataLoader   : Fetching config from server at : http://localhost:8888
2026-08-27T17:36:02.192-03:00  INFO 21918 --- [apigateway] [restartedMain] o.s.c.c.c.ConfigServerConfigDataLoader   : Exception on Url - http://localhost:8888:org.springframework.web.client.ResourceAccessException: I/O error on GET request for "http://localhost:8888/apigateway/default": Conexão recusada. Will be trying the next url if available
2026-08-27T17:36:02.193-03:00  WARN 21918 --- [apigateway] [restartedMain] o.s.c.c.c.ConfigServerConfigDataLoader   : Could not locate PropertySource ([ConfigServerConfigDataResource@62019966 uris = array<String>['http://localhost:8888'], optional = true, profiles = 'default']): I/O error on GET request for "http://localhost:8888/apigateway/default": Conexão recusada
2026-08-27T17:36:02.193-03:00  INFO 21918 --- [apigateway] [restartedMain] o.s.c.c.c.ConfigServerConfigDataLoader   : Fetching config from server at : http://localhost:8888
2026-08-27T17:36:02.193-03:00  INFO 21918 --- [apigateway] [restartedMain] o.s.c.c.c.ConfigServerConfigDataLoader   : Exception on Url - http://localhost:8888:org.springframework.web.client.ResourceAccessException: I/O error on GET request for "http://localhost:8888/apigateway/default": Conexão recusada. Will be trying the next url if available
2026-08-27T17:36:02.194-03:00  WARN 21918 --- [apigateway] [restartedMain] o.s.c.c.c.ConfigServerConfigDataLoader   : Could not locate PropertySource ([ConfigServerConfigDataResource@2ce6bacd uris = array<String>['http://localhost:8888'], optional = true, profiles = 'default']): I/O error on GET request for "http://localhost:8888/apigateway/default": Conexão recusada
2026-08-27T17:36:02.197-03:00  INFO 21918 --- [apigateway] [restartedMain] .e.DevToolsPropertyDefaultsPostProcessor : Devtools property defaults active! Set 'spring.devtools.add-properties' to 'false' to disable
2026-08-27T17:36:03.553-03:00  INFO 21918 --- [apigateway] [restartedMain] o.s.cloud.context.scope.GenericScope     : BeanFactory id=1c3a243d-a081-3e90-86c6-ff04a2503f1e
2026-08-27T17:36:04.548-03:00  WARN 21918 --- [apigateway] [restartedMain] o.h.v.i.m.a.CascadingMetaDataBuilder     : HV000271: Using `@Valid` on a container (java.util.List) is deprecated. You should apply the annotation on the type argument(s). Affected element: routes
2026-08-27T17:36:04.698-03:00  INFO 21918 --- [apigateway] [restartedMain] o.s.c.g.r.RouteDefinitionRouteLocator    : Loaded RoutePredicateFactory [After]
2026-08-27T17:36:04.698-03:00  INFO 21918 --- [apigateway] [restartedMain] o.s.c.g.r.RouteDefinitionRouteLocator    : Loaded RoutePredicateFactory [Before]
2026-08-27T17:36:04.698-03:00  INFO 21918 --- [apigateway] [restartedMain] o.s.c.g.r.RouteDefinitionRouteLocator    : Loaded RoutePredicateFactory [Between]
2026-08-27T17:36:04.699-03:00  INFO 21918 --- [apigateway] [restartedMain] o.s.c.g.r.RouteDefinitionRouteLocator    : Loaded RoutePredicateFactory [Cookie]
2026-08-27T17:36:04.699-03:00  INFO 21918 --- [apigateway] [restartedMain] o.s.c.g.r.RouteDefinitionRouteLocator    : Loaded RoutePredicateFactory [Header]
2026-08-27T17:36:04.699-03:00  INFO 21918 --- [apigateway] [restartedMain] o.s.c.g.r.RouteDefinitionRouteLocator    : Loaded RoutePredicateFactory [Host]
2026-08-27T17:36:04.699-03:00  INFO 21918 --- [apigateway] [restartedMain] o.s.c.g.r.RouteDefinitionRouteLocator    : Loaded RoutePredicateFactory [Method]
2026-08-27T17:36:04.699-03:00  INFO 21918 --- [apigateway] [restartedMain] o.s.c.g.r.RouteDefinitionRouteLocator    : Loaded RoutePredicateFactory [Path]
2026-08-27T17:36:04.700-03:00  INFO 21918 --- [apigateway] [restartedMain] o.s.c.g.r.RouteDefinitionRouteLocator    : Loaded RoutePredicateFactory [Query]
2026-08-27T17:36:04.700-03:00  INFO 21918 --- [apigateway] [restartedMain] o.s.c.g.r.RouteDefinitionRouteLocator    : Loaded RoutePredicateFactory [ReadBody]
2026-08-27T17:36:04.700-03:00  INFO 21918 --- [apigateway] [restartedMain] o.s.c.g.r.RouteDefinitionRouteLocator    : Loaded RoutePredicateFactory [RemoteAddr]
2026-08-27T17:36:04.700-03:00  INFO 21918 --- [apigateway] [restartedMain] o.s.c.g.r.RouteDefinitionRouteLocator    : Loaded RoutePredicateFactory [Version]
2026-08-27T17:36:04.700-03:00  INFO 21918 --- [apigateway] [restartedMain] o.s.c.g.r.RouteDefinitionRouteLocator    : Loaded RoutePredicateFactory [XForwardedRemoteAddr]
2026-08-27T17:36:04.701-03:00  INFO 21918 --- [apigateway] [restartedMain] o.s.c.g.r.RouteDefinitionRouteLocator    : Loaded RoutePredicateFactory [Weight]
2026-08-27T17:36:04.701-03:00  INFO 21918 --- [apigateway] [restartedMain] o.s.c.g.r.RouteDefinitionRouteLocator    : Loaded RoutePredicateFactory [CloudFoundryRouteService]
2026-08-27T17:36:04.981-03:00  INFO 21918 --- [apigateway] [restartedMain] o.s.b.a.e.web.EndpointLinksResolver      : Exposing 1 endpoint beneath base path '/actuator'
2026-08-27T17:36:05.197-03:00  INFO 21918 --- [apigateway] [restartedMain] DiscoveryClientOptionalArgsConfiguration : Eureka HTTP Client uses RestClient.
2026-08-27T17:36:05.227-03:00  WARN 21918 --- [apigateway] [restartedMain] iguration$LoadBalancerCaffeineWarnLogger : Spring Cloud LoadBalancer is currently working with the default cache. While this cache implementation is useful for development and tests, it's recommended to use Caffeine cache in production.You can switch to using Caffeine cache, by adding it and org.springframework.cache.caffeine.CaffeineCacheManager to the classpath.
2026-08-27T17:36:05.289-03:00  INFO 21918 --- [apigateway] [restartedMain] o.s.c.n.eureka.InstanceInfoFactory       : Setting initial instance status as: STARTING
2026-08-27T17:36:05.312-03:00  INFO 21918 --- [apigateway] [restartedMain] com.netflix.discovery.DiscoveryClient    : Initializing Eureka in region us-east-1
2026-08-27T17:36:05.316-03:00  INFO 21918 --- [apigateway] [restartedMain] c.n.d.s.r.aws.ConfigClusterResolver      : Resolving eureka endpoints via configuration
2026-08-27T17:36:05.326-03:00  INFO 21918 --- [apigateway] [restartedMain] com.netflix.discovery.DiscoveryClient    : Disable delta property : false
2026-08-27T17:36:05.326-03:00  INFO 21918 --- [apigateway] [restartedMain] com.netflix.discovery.DiscoveryClient    : Single vip registry refresh property : null
2026-08-27T17:36:05.326-03:00  INFO 21918 --- [apigateway] [restartedMain] com.netflix.discovery.DiscoveryClient    : Force full registry fetch : false
2026-08-27T17:36:05.327-03:00  INFO 21918 --- [apigateway] [restartedMain] com.netflix.discovery.DiscoveryClient    : Application is null : false
2026-08-27T17:36:05.327-03:00  INFO 21918 --- [apigateway] [restartedMain] com.netflix.discovery.DiscoveryClient    : Registered Applications size is zero : true
2026-08-27T17:36:05.327-03:00  INFO 21918 --- [apigateway] [restartedMain] com.netflix.discovery.DiscoveryClient    : Application version is -1: true
2026-08-27T17:36:05.327-03:00  INFO 21918 --- [apigateway] [restartedMain] com.netflix.discovery.DiscoveryClient    : Getting all instance registry info from the eureka server
2026-08-27T17:36:05.556-03:00  INFO 21918 --- [apigateway] [restartedMain] c.n.d.s.t.d.RedirectingEurekaHttpClient  : Request execution error. endpoint=DefaultEndpoint{ serviceUrl='http://localhost:8761/eureka/}, exception=I/O error on GET request for "http://localhost:8761/eureka/apps/": Connect to http://localhost:8761 failed: Conexão recusada

org.springframework.web.client.ResourceAccessException: I/O error on GET request for "http://localhost:8761/eureka/apps/": Connect to http://localhost:8761 failed: Conexão recusada
	at org.springframework.web.client.DefaultRestClient$DefaultRequestBodyUriSpec.createResourceAccessException(DefaultRestClient.java:779) ~[spring-web-7.0.8.jar:7.0.8]
	at org.springframework.web.client.DefaultRestClient$DefaultRequestBodyUriSpec.exchangeInternal(DefaultRestClient.java:624) ~[spring-web-7.0.8.jar:7.0.8]
	at org.springframework.web.client.DefaultRestClient$DefaultRequestBodyUriSpec.exchange(DefaultRestClient.java:572) ~[spring-web-7.0.8.jar:7.0.8]
	at org.springframework.web.client.RestClient$RequestHeadersSpec.exchange(RestClient.java:747) ~[spring-web-7.0.8.jar:7.0.8]
	at org.springframework.web.client.DefaultRestClient$DefaultResponseSpec.executeAndExtract(DefaultRestClient.java:924) ~[spring-web-7.0.8.jar:7.0.8]
	at org.springframework.web.client.DefaultRestClient$DefaultResponseSpec.toEntityInternal(DefaultRestClient.java:870) ~[spring-web-7.0.8.jar:7.0.8]
	at org.springframework.web.client.DefaultRestClient$DefaultResponseSpec.toEntity(DefaultRestClient.java:859) ~[spring-web-7.0.8.jar:7.0.8]
	at org.springframework.cloud.netflix.eureka.http.RestClientEurekaHttpClient.getApplicationsInternal(RestClientEurekaHttpClient.java:201) ~[spring-cloud-netflix-eureka-client-5.0.2.jar:5.0.2]
	at org.springframework.cloud.netflix.eureka.http.RestClientEurekaHttpClient.getApplications(RestClientEurekaHttpClient.java:137) ~[spring-cloud-netflix-eureka-client-5.0.2.jar:5.0.2]
	at com.netflix.discovery.shared.transport.decorator.EurekaHttpClientDecorator$6.execute(EurekaHttpClientDecorator.java:137) ~[eureka-client-2.0.6.jar:2.0.6]
	at com.netflix.discovery.shared.transport.decorator.RedirectingEurekaHttpClient.executeOnNewServer(RedirectingEurekaHttpClient.java:120) ~[eureka-client-2.0.6.jar:2.0.6]
	at com.netflix.discovery.shared.transport.decorator.RedirectingEurekaHttpClient.execute(RedirectingEurekaHttpClient.java:79) ~[eureka-client-2.0.6.jar:2.0.6]
	at com.netflix.discovery.shared.transport.decorator.EurekaHttpClientDecorator.getApplications(EurekaHttpClientDecorator.java:134) ~[eureka-client-2.0.6.jar:2.0.6]
	at com.netflix.discovery.shared.transport.decorator.EurekaHttpClientDecorator$6.execute(EurekaHttpClientDecorator.java:137) ~[eureka-client-2.0.6.jar:2.0.6]
	at com.netflix.discovery.shared.transport.decorator.RetryableEurekaHttpClient.execute(RetryableEurekaHttpClient.java:120) ~[eureka-client-2.0.6.jar:2.0.6]
	at com.netflix.discovery.shared.transport.decorator.EurekaHttpClientDecorator.getApplications(EurekaHttpClientDecorator.java:134) ~[eureka-client-2.0.6.jar:2.0.6]
	at com.netflix.discovery.shared.transport.decorator.EurekaHttpClientDecorator$6.execute(EurekaHttpClientDecorator.java:137) ~[eureka-client-2.0.6.jar:2.0.6]
	at com.netflix.discovery.shared.transport.decorator.SessionedEurekaHttpClient.execute(SessionedEurekaHttpClient.java:76) ~[eureka-client-2.0.6.jar:2.0.6]
	at com.netflix.discovery.shared.transport.decorator.EurekaHttpClientDecorator.getApplications(EurekaHttpClientDecorator.java:134) ~[eureka-client-2.0.6.jar:2.0.6]
	at com.netflix.discovery.DiscoveryClient.getAndStoreFullRegistry(DiscoveryClient.java:1061) ~[eureka-client-2.0.6.jar:2.0.6]
	at com.netflix.discovery.DiscoveryClient.fetchRegistry(DiscoveryClient.java:976) ~[eureka-client-2.0.6.jar:2.0.6]
	at com.netflix.discovery.DiscoveryClient.<init>(DiscoveryClient.java:419) ~[eureka-client-2.0.6.jar:2.0.6]
	at com.netflix.discovery.DiscoveryClient.<init>(DiscoveryClient.java:254) ~[eureka-client-2.0.6.jar:2.0.6]
	at com.netflix.discovery.DiscoveryClient.<init>(DiscoveryClient.java:249) ~[eureka-client-2.0.6.jar:2.0.6]
	at org.springframework.cloud.netflix.eureka.CloudEurekaClient.<init>(CloudEurekaClient.java:68) ~[spring-cloud-netflix-eureka-client-5.0.2.jar:5.0.2]
	at org.springframework.cloud.netflix.eureka.EurekaClientAutoConfiguration$RefreshableEurekaClientConfiguration.eurekaClient(EurekaClientAutoConfiguration.java:324) ~[spring-cloud-netflix-eureka-client-5.0.2.jar:5.0.2]
	at java.base/jdk.internal.reflect.DirectMethodHandleAccessor.invoke(DirectMethodHandleAccessor.java:104) ~[na:na]
	at java.base/java.lang.reflect.Method.invoke(Method.java:565) ~[na:na]
	at org.springframework.beans.factory.support.SimpleInstantiationStrategy.lambda$instantiate$0(SimpleInstantiationStrategy.java:155) ~[spring-beans-7.0.8.jar:7.0.8]
	at org.springframework.beans.factory.support.SimpleInstantiationStrategy.instantiateWithFactoryMethod(SimpleInstantiationStrategy.java:72) ~[spring-beans-7.0.8.jar:7.0.8]
	at org.springframework.beans.factory.support.SimpleInstantiationStrategy.instantiate(SimpleInstantiationStrategy.java:152) ~[spring-beans-7.0.8.jar:7.0.8]
	at org.springframework.beans.factory.support.ConstructorResolver.instantiate(ConstructorResolver.java:653) ~[spring-beans-7.0.8.jar:7.0.8]
	at org.springframework.beans.factory.support.ConstructorResolver.instantiateUsingFactoryMethod(ConstructorResolver.java:645) ~[spring-beans-7.0.8.jar:7.0.8]
	at org.springframework.beans.factory.support.AbstractAutowireCapableBeanFactory.instantiateUsingFactoryMethod(AbstractAutowireCapableBeanFactory.java:1360) ~[spring-beans-7.0.8.jar:7.0.8]
	at org.springframework.beans.factory.support.AbstractAutowireCapableBeanFactory.createBeanInstance(AbstractAutowireCapableBeanFactory.java:1192) ~[spring-beans-7.0.8.jar:7.0.8]
	at org.springframework.beans.factory.support.AbstractAutowireCapableBeanFactory.doCreateBean(AbstractAutowireCapableBeanFactory.java:565) ~[spring-beans-7.0.8.jar:7.0.8]
	at org.springframework.beans.factory.support.AbstractAutowireCapableBeanFactory.createBean(AbstractAutowireCapableBeanFactory.java:525) ~[spring-beans-7.0.8.jar:7.0.8]
	at org.springframework.beans.factory.support.AbstractBeanFactory.lambda$doGetBean$1(AbstractBeanFactory.java:372) ~[spring-beans-7.0.8.jar:7.0.8]
	at org.springframework.cloud.context.scope.GenericScope$BeanLifecycleWrapper.getBean(GenericScope.java:373) ~[spring-cloud-context-5.0.2.jar:5.0.2]
	at org.springframework.cloud.context.scope.GenericScope.get(GenericScope.java:177) ~[spring-cloud-context-5.0.2.jar:5.0.2]
	at org.springframework.beans.factory.support.AbstractBeanFactory.doGetBean(AbstractBeanFactory.java:369) ~[spring-beans-7.0.8.jar:7.0.8]
	at org.springframework.beans.factory.support.AbstractBeanFactory.getBean(AbstractBeanFactory.java:196) ~[spring-beans-7.0.8.jar:7.0.8]
	at org.springframework.aop.target.SimpleBeanTargetSource.getTarget(SimpleBeanTargetSource.java:35) ~[spring-aop-7.0.8.jar:7.0.8]
	at org.springframework.cloud.netflix.eureka.serviceregistry.EurekaRegistration.getTargetObject(EurekaRegistration.java:128) ~[spring-cloud-netflix-eureka-client-5.0.2.jar:5.0.2]
	at org.springframework.cloud.netflix.eureka.serviceregistry.EurekaRegistration.getEurekaClient(EurekaRegistration.java:116) ~[spring-cloud-netflix-eureka-client-5.0.2.jar:5.0.2]
	at java.base/jdk.internal.reflect.DirectMethodHandleAccessor.invoke(DirectMethodHandleAccessor.java:104) ~[na:na]
	at java.base/java.lang.reflect.Method.invoke(Method.java:565) ~[na:na]
	at org.springframework.util.ReflectionUtils.invokeMethod(ReflectionUtils.java:281) ~[spring-core-7.0.8.jar:7.0.8]
	at org.springframework.cloud.context.scope.GenericScope$LockedScopedProxyFactoryBean.invoke(GenericScope.java:480) ~[spring-cloud-context-5.0.2.jar:5.0.2]
	at org.springframework.aop.framework.ReflectiveMethodInvocation.proceed(ReflectiveMethodInvocation.java:179) ~[spring-aop-7.0.8.jar:7.0.8]
	at org.springframework.aop.framework.CglibAopProxy$DynamicAdvisedInterceptor.intercept(CglibAopProxy.java:719) ~[spring-aop-7.0.8.jar:7.0.8]
	at org.springframework.cloud.netflix.eureka.serviceregistry.EurekaRegistration$$SpringCGLIB$$0.getEurekaClient(<generated>) ~[spring-cloud-netflix-eureka-client-5.0.2.jar:na]
	at org.springframework.cloud.netflix.eureka.serviceregistry.EurekaServiceRegistry.maybeInitializeClient(EurekaServiceRegistry.java:83) ~[spring-cloud-netflix-eureka-client-5.0.2.jar:5.0.2]
	at org.springframework.cloud.netflix.eureka.serviceregistry.EurekaServiceRegistry.register(EurekaServiceRegistry.java:66) ~[spring-cloud-netflix-eureka-client-5.0.2.jar:5.0.2]
	at org.springframework.cloud.netflix.eureka.serviceregistry.EurekaAutoServiceRegistration.start(EurekaAutoServiceRegistration.java:89) ~[spring-cloud-netflix-eureka-client-5.0.2.jar:5.0.2]
	at org.springframework.context.support.DefaultLifecycleProcessor.doStart(DefaultLifecycleProcessor.java:420) ~[spring-context-7.0.8.jar:7.0.8]
	at org.springframework.context.support.DefaultLifecycleProcessor.doStart(DefaultLifecycleProcessor.java:409) ~[spring-context-7.0.8.jar:7.0.8]
	at org.springframework.context.support.DefaultLifecycleProcessor$LifecycleGroup.start(DefaultLifecycleProcessor.java:613) ~[spring-context-7.0.8.jar:7.0.8]
	at java.base/java.lang.Iterable.forEach(Iterable.java:75) ~[na:na]
	at org.springframework.context.support.DefaultLifecycleProcessor.startBeans(DefaultLifecycleProcessor.java:379) ~[spring-context-7.0.8.jar:7.0.8]
	at org.springframework.context.support.DefaultLifecycleProcessor.onRefresh(DefaultLifecycleProcessor.java:306) ~[spring-context-7.0.8.jar:7.0.8]
	at org.springframework.context.support.AbstractApplicationContext.finishRefresh(AbstractApplicationContext.java:1013) ~[spring-context-7.0.8.jar:7.0.8]
	at org.springframework.context.support.AbstractApplicationContext.refresh(AbstractApplicationContext.java:624) ~[spring-context-7.0.8.jar:7.0.8]
	at org.springframework.boot.web.server.reactive.context.ReactiveWebServerApplicationContext.refresh(ReactiveWebServerApplicationContext.java:69) ~[spring-boot-web-server-4.1.0.jar:4.1.0]
	at org.springframework.boot.SpringApplication.refresh(SpringApplication.java:756) ~[spring-boot-4.1.0.jar:4.1.0]
	at org.springframework.boot.SpringApplication.refreshContext(SpringApplication.java:445) ~[spring-boot-4.1.0.jar:4.1.0]
	at org.springframework.boot.SpringApplication.run(SpringApplication.java:321) ~[spring-boot-4.1.0.jar:4.1.0]
	at org.springframework.boot.SpringApplication.run(SpringApplication.java:1365) ~[spring-boot-4.1.0.jar:4.1.0]
	at org.springframework.boot.SpringApplication.run(SpringApplication.java:1354) ~[spring-boot-4.1.0.jar:4.1.0]
	at com.luciano.apigateway.ApigatewayApplication.main(ApigatewayApplication.java:10) ~[classes/:na]
	at java.base/jdk.internal.reflect.DirectMethodHandleAccessor.invoke(DirectMethodHandleAccessor.java:104) ~[na:na]
	at java.base/java.lang.reflect.Method.invoke(Method.java:565) ~[na:na]
	at org.springframework.boot.devtools.restart.RestartLauncher.run(RestartLauncher.java:52) ~[spring-boot-devtools-4.1.0.jar:4.1.0]
Caused by: org.apache.hc.client5.http.HttpHostConnectException: Connect to http://localhost:8761 failed: Conexão recusada
	at java.base/sun.nio.ch.Net.pollConnect(Native Method) ~[na:na]
	at java.base/sun.nio.ch.Net.pollConnectNow(Net.java:639) ~[na:na]
	at java.base/sun.nio.ch.NioSocketImpl.timedFinishConnect(NioSocketImpl.java:543) ~[na:na]
	at java.base/sun.nio.ch.NioSocketImpl.connect(NioSocketImpl.java:594) ~[na:na]
	at java.base/java.net.SocksSocketImpl.connect(SocksSocketImpl.java:284) ~[na:na]
	at java.base/java.net.Socket.connect(Socket.java:659) ~[na:na]
	at org.apache.hc.client5.http.impl.io.DefaultHttpClientConnectionOperator.connect(DefaultHttpClientConnectionOperator.java:219) ~[httpclient5-5.6.1.jar:5.6.1]
	at org.apache.hc.client5.http.impl.io.PoolingHttpClientConnectionManager.connect(PoolingHttpClientConnectionManager.java:547) ~[httpclient5-5.6.1.jar:5.6.1]
	at org.apache.hc.client5.http.impl.classic.InternalExecRuntime.connectEndpoint(InternalExecRuntime.java:164) ~[httpclient5-5.6.1.jar:5.6.1]
	at org.apache.hc.client5.http.impl.classic.InternalExecRuntime.connectEndpoint(InternalExecRuntime.java:174) ~[httpclient5-5.6.1.jar:5.6.1]
	at org.apache.hc.client5.http.impl.classic.ConnectExec.execute(ConnectExec.java:144) ~[httpclient5-5.6.1.jar:5.6.1]
	at org.apache.hc.client5.http.impl.classic.ExecChainElement.execute(ExecChainElement.java:51) ~[httpclient5-5.6.1.jar:5.6.1]
	at org.apache.hc.client5.http.impl.classic.ProtocolExec.execute(ProtocolExec.java:192) ~[httpclient5-5.6.1.jar:5.6.1]
	at org.apache.hc.client5.http.impl.classic.ExecChainElement.execute(ExecChainElement.java:51) ~[httpclient5-5.6.1.jar:5.6.1]
	at org.apache.hc.client5.http.impl.classic.ContentCompressionExec.execute(ContentCompressionExec.java:138) ~[httpclient5-5.6.1.jar:5.6.1]
	at org.apache.hc.client5.http.impl.classic.ExecChainElement.execute(ExecChainElement.java:51) ~[httpclient5-5.6.1.jar:5.6.1]
	at org.apache.hc.client5.http.impl.classic.HttpRequestRetryExec.execute(HttpRequestRetryExec.java:112) ~[httpclient5-5.6.1.jar:5.6.1]
	at org.apache.hc.client5.http.impl.classic.ExecChainElement.execute(ExecChainElement.java:51) ~[httpclient5-5.6.1.jar:5.6.1]
	at org.apache.hc.client5.http.impl.classic.RedirectExec.execute(RedirectExec.java:110) ~[httpclient5-5.6.1.jar:5.6.1]
	at org.apache.hc.client5.http.impl.classic.ExecChainElement.execute(ExecChainElement.java:51) ~[httpclient5-5.6.1.jar:5.6.1]
	at org.apache.hc.client5.http.impl.classic.InternalHttpClient.doExecute(InternalHttpClient.java:185) ~[httpclient5-5.6.1.jar:5.6.1]
	at org.apache.hc.client5.http.impl.classic.CloseableHttpClient.execute(CloseableHttpClient.java:87) ~[httpclient5-5.6.1.jar:5.6.1]
	at org.apache.hc.client5.http.impl.classic.CloseableHttpClient.execute(CloseableHttpClient.java:55) ~[httpclient5-5.6.1.jar:5.6.1]
	at org.apache.hc.client5.http.classic.HttpClient.executeOpen(HttpClient.java:183) ~[httpclient5-5.6.1.jar:5.6.1]
	at org.springframework.http.client.HttpComponentsClientHttpRequest.executeInternal(HttpComponentsClientHttpRequest.java:99) ~[spring-web-7.0.8.jar:7.0.8]
	at org.springframework.http.client.AbstractStreamingClientHttpRequest.executeInternal(AbstractStreamingClientHttpRequest.java:87) ~[spring-web-7.0.8.jar:7.0.8]
	at org.springframework.http.client.AbstractClientHttpRequest.execute(AbstractClientHttpRequest.java:80) ~[spring-web-7.0.8.jar:7.0.8]
	at org.springframework.http.client.AbstractBufferingClientHttpRequest.executeWithRequestAndBody(AbstractBufferingClientHttpRequest.java:89) ~[spring-web-7.0.8.jar:7.0.8]
	at org.springframework.http.client.InterceptingClientHttpRequest$EndOfChainRequestExecution.execute(InterceptingClientHttpRequest.java:102) ~[spring-web-7.0.8.jar:7.0.8]
	at org.springframework.cloud.netflix.eureka.http.RestClientTransportClientFactory.lambda$newClient$2(RestClientTransportClientFactory.java:98) ~[spring-cloud-netflix-eureka-client-5.0.2.jar:5.0.2]
	at org.springframework.http.client.ClientHttpRequestInterceptor.lambda$apply$0(ClientHttpRequestInterceptor.java:89) ~[spring-web-7.0.8.jar:7.0.8]
	at org.springframework.http.client.InterceptingClientHttpRequest.executeInternal(InterceptingClientHttpRequest.java:73) ~[spring-web-7.0.8.jar:7.0.8]
	at org.springframework.http.client.AbstractBufferingClientHttpRequest.executeInternal(AbstractBufferingClientHttpRequest.java:50) ~[spring-web-7.0.8.jar:7.0.8]
	at org.springframework.http.client.AbstractClientHttpRequest.execute(AbstractClientHttpRequest.java:80) ~[spring-web-7.0.8.jar:7.0.8]
	at org.springframework.web.client.DefaultRestClient$DefaultRequestBodyUriSpec.exchangeInternal(DefaultRestClient.java:614) ~[spring-web-7.0.8.jar:7.0.8]
	... 71 common frames omitted

2026-08-27T17:36:05.563-03:00  WARN 21918 --- [apigateway] [restartedMain] c.n.d.s.t.d.RetryableEurekaHttpClient    : Request execution failed with message: I/O error on GET request for "http://localhost:8761/eureka/apps/": Connect to http://localhost:8761 failed: Conexão recusada
2026-08-27T17:36:05.563-03:00  INFO 21918 --- [apigateway] [restartedMain] com.netflix.discovery.DiscoveryClient    : DiscoveryClient_APIGATEWAY/192.168.0.39:apigateway:8765 - was unable to refresh its cache! This periodic background refresh will be retried in 30 seconds. status = Cannot execute request on any known server

com.netflix.discovery.shared.transport.TransportException: Cannot execute request on any known server
	at com.netflix.discovery.shared.transport.decorator.RetryableEurekaHttpClient.execute(RetryableEurekaHttpClient.java:112) ~[eureka-client-2.0.6.jar:2.0.6]
	at com.netflix.discovery.shared.transport.decorator.EurekaHttpClientDecorator.getApplications(EurekaHttpClientDecorator.java:134) ~[eureka-client-2.0.6.jar:2.0.6]
	at com.netflix.discovery.shared.transport.decorator.EurekaHttpClientDecorator$6.execute(EurekaHttpClientDecorator.java:137) ~[eureka-client-2.0.6.jar:2.0.6]
	at com.netflix.discovery.shared.transport.decorator.SessionedEurekaHttpClient.execute(SessionedEurekaHttpClient.java:76) ~[eureka-client-2.0.6.jar:2.0.6]
	at com.netflix.discovery.shared.transport.decorator.EurekaHttpClientDecorator.getApplications(EurekaHttpClientDecorator.java:134) ~[eureka-client-2.0.6.jar:2.0.6]
	at com.netflix.discovery.DiscoveryClient.getAndStoreFullRegistry(DiscoveryClient.java:1061) ~[eureka-client-2.0.6.jar:2.0.6]
	at com.netflix.discovery.DiscoveryClient.fetchRegistry(DiscoveryClient.java:976) ~[eureka-client-2.0.6.jar:2.0.6]
	at com.netflix.discovery.DiscoveryClient.<init>(DiscoveryClient.java:419) ~[eureka-client-2.0.6.jar:2.0.6]
	at com.netflix.discovery.DiscoveryClient.<init>(DiscoveryClient.java:254) ~[eureka-client-2.0.6.jar:2.0.6]
	at com.netflix.discovery.DiscoveryClient.<init>(DiscoveryClient.java:249) ~[eureka-client-2.0.6.jar:2.0.6]
	at org.springframework.cloud.netflix.eureka.CloudEurekaClient.<init>(CloudEurekaClient.java:68) ~[spring-cloud-netflix-eureka-client-5.0.2.jar:5.0.2]
	at org.springframework.cloud.netflix.eureka.EurekaClientAutoConfiguration$RefreshableEurekaClientConfiguration.eurekaClient(EurekaClientAutoConfiguration.java:324) ~[spring-cloud-netflix-eureka-client-5.0.2.jar:5.0.2]
	at java.base/jdk.internal.reflect.DirectMethodHandleAccessor.invoke(DirectMethodHandleAccessor.java:104) ~[na:na]
	at java.base/java.lang.reflect.Method.invoke(Method.java:565) ~[na:na]
	at org.springframework.beans.factory.support.SimpleInstantiationStrategy.lambda$instantiate$0(SimpleInstantiationStrategy.java:155) ~[spring-beans-7.0.8.jar:7.0.8]
	at org.springframework.beans.factory.support.SimpleInstantiationStrategy.instantiateWithFactoryMethod(SimpleInstantiationStrategy.java:72) ~[spring-beans-7.0.8.jar:7.0.8]
	at org.springframework.beans.factory.support.SimpleInstantiationStrategy.instantiate(SimpleInstantiationStrategy.java:152) ~[spring-beans-7.0.8.jar:7.0.8]
	at org.springframework.beans.factory.support.ConstructorResolver.instantiate(ConstructorResolver.java:653) ~[spring-beans-7.0.8.jar:7.0.8]
	at org.springframework.beans.factory.support.ConstructorResolver.instantiateUsingFactoryMethod(ConstructorResolver.java:645) ~[spring-beans-7.0.8.jar:7.0.8]
	at org.springframework.beans.factory.support.AbstractAutowireCapableBeanFactory.instantiateUsingFactoryMethod(AbstractAutowireCapableBeanFactory.java:1360) ~[spring-beans-7.0.8.jar:7.0.8]
	at org.springframework.beans.factory.support.AbstractAutowireCapableBeanFactory.createBeanInstance(AbstractAutowireCapableBeanFactory.java:1192) ~[spring-beans-7.0.8.jar:7.0.8]
	at org.springframework.beans.factory.support.AbstractAutowireCapableBeanFactory.doCreateBean(AbstractAutowireCapableBeanFactory.java:565) ~[spring-beans-7.0.8.jar:7.0.8]
	at org.springframework.beans.factory.support.AbstractAutowireCapableBeanFactory.createBean(AbstractAutowireCapableBeanFactory.java:525) ~[spring-beans-7.0.8.jar:7.0.8]
	at org.springframework.beans.factory.support.AbstractBeanFactory.lambda$doGetBean$1(AbstractBeanFactory.java:372) ~[spring-beans-7.0.8.jar:7.0.8]
	at org.springframework.cloud.context.scope.GenericScope$BeanLifecycleWrapper.getBean(GenericScope.java:373) ~[spring-cloud-context-5.0.2.jar:5.0.2]
	at org.springframework.cloud.context.scope.GenericScope.get(GenericScope.java:177) ~[spring-cloud-context-5.0.2.jar:5.0.2]
	at org.springframework.beans.factory.support.AbstractBeanFactory.doGetBean(AbstractBeanFactory.java:369) ~[spring-beans-7.0.8.jar:7.0.8]
	at org.springframework.beans.factory.support.AbstractBeanFactory.getBean(AbstractBeanFactory.java:196) ~[spring-beans-7.0.8.jar:7.0.8]
	at org.springframework.aop.target.SimpleBeanTargetSource.getTarget(SimpleBeanTargetSource.java:35) ~[spring-aop-7.0.8.jar:7.0.8]
	at org.springframework.cloud.netflix.eureka.serviceregistry.EurekaRegistration.getTargetObject(EurekaRegistration.java:128) ~[spring-cloud-netflix-eureka-client-5.0.2.jar:5.0.2]
	at org.springframework.cloud.netflix.eureka.serviceregistry.EurekaRegistration.getEurekaClient(EurekaRegistration.java:116) ~[spring-cloud-netflix-eureka-client-5.0.2.jar:5.0.2]
	at java.base/jdk.internal.reflect.DirectMethodHandleAccessor.invoke(DirectMethodHandleAccessor.java:104) ~[na:na]
	at java.base/java.lang.reflect.Method.invoke(Method.java:565) ~[na:na]
	at org.springframework.util.ReflectionUtils.invokeMethod(ReflectionUtils.java:281) ~[spring-core-7.0.8.jar:7.0.8]
	at org.springframework.cloud.context.scope.GenericScope$LockedScopedProxyFactoryBean.invoke(GenericScope.java:480) ~[spring-cloud-context-5.0.2.jar:5.0.2]
	at org.springframework.aop.framework.ReflectiveMethodInvocation.proceed(ReflectiveMethodInvocation.java:179) ~[spring-aop-7.0.8.jar:7.0.8]
	at org.springframework.aop.framework.CglibAopProxy$DynamicAdvisedInterceptor.intercept(CglibAopProxy.java:719) ~[spring-aop-7.0.8.jar:7.0.8]
	at org.springframework.cloud.netflix.eureka.serviceregistry.EurekaRegistration$$SpringCGLIB$$0.getEurekaClient(<generated>) ~[spring-cloud-netflix-eureka-client-5.0.2.jar:na]
	at org.springframework.cloud.netflix.eureka.serviceregistry.EurekaServiceRegistry.maybeInitializeClient(EurekaServiceRegistry.java:83) ~[spring-cloud-netflix-eureka-client-5.0.2.jar:5.0.2]
	at org.springframework.cloud.netflix.eureka.serviceregistry.EurekaServiceRegistry.register(EurekaServiceRegistry.java:66) ~[spring-cloud-netflix-eureka-client-5.0.2.jar:5.0.2]
	at org.springframework.cloud.netflix.eureka.serviceregistry.EurekaAutoServiceRegistration.start(EurekaAutoServiceRegistration.java:89) ~[spring-cloud-netflix-eureka-client-5.0.2.jar:5.0.2]
	at org.springframework.context.support.DefaultLifecycleProcessor.doStart(DefaultLifecycleProcessor.java:420) ~[spring-context-7.0.8.jar:7.0.8]
	at org.springframework.context.support.DefaultLifecycleProcessor.doStart(DefaultLifecycleProcessor.java:409) ~[spring-context-7.0.8.jar:7.0.8]
	at org.springframework.context.support.DefaultLifecycleProcessor$LifecycleGroup.start(DefaultLifecycleProcessor.java:613) ~[spring-context-7.0.8.jar:7.0.8]
	at java.base/java.lang.Iterable.forEach(Iterable.java:75) ~[na:na]
	at org.springframework.context.support.DefaultLifecycleProcessor.startBeans(DefaultLifecycleProcessor.java:379) ~[spring-context-7.0.8.jar:7.0.8]
	at org.springframework.context.support.DefaultLifecycleProcessor.onRefresh(DefaultLifecycleProcessor.java:306) ~[spring-context-7.0.8.jar:7.0.8]
	at org.springframework.context.support.AbstractApplicationContext.finishRefresh(AbstractApplicationContext.java:1013) ~[spring-context-7.0.8.jar:7.0.8]
	at org.springframework.context.support.AbstractApplicationContext.refresh(AbstractApplicationContext.java:624) ~[spring-context-7.0.8.jar:7.0.8]
	at org.springframework.boot.web.server.reactive.context.ReactiveWebServerApplicationContext.refresh(ReactiveWebServerApplicationContext.java:69) ~[spring-boot-web-server-4.1.0.jar:4.1.0]
	at org.springframework.boot.SpringApplication.refresh(SpringApplication.java:756) ~[spring-boot-4.1.0.jar:4.1.0]
	at org.springframework.boot.SpringApplication.refreshContext(SpringApplication.java:445) ~[spring-boot-4.1.0.jar:4.1.0]
	at org.springframework.boot.SpringApplication.run(SpringApplication.java:321) ~[spring-boot-4.1.0.jar:4.1.0]
	at org.springframework.boot.SpringApplication.run(SpringApplication.java:1365) ~[spring-boot-4.1.0.jar:4.1.0]
	at org.springframework.boot.SpringApplication.run(SpringApplication.java:1354) ~[spring-boot-4.1.0.jar:4.1.0]
	at com.luciano.apigateway.ApigatewayApplication.main(ApigatewayApplication.java:10) ~[classes/:na]
	at java.base/jdk.internal.reflect.DirectMethodHandleAccessor.invoke(DirectMethodHandleAccessor.java:104) ~[na:na]
	at java.base/java.lang.reflect.Method.invoke(Method.java:565) ~[na:na]
	at org.springframework.boot.devtools.restart.RestartLauncher.run(RestartLauncher.java:52) ~[spring-boot-devtools-4.1.0.jar:4.1.0]

2026-08-27T17:36:05.565-03:00  INFO 21918 --- [apigateway] [restartedMain] com.netflix.discovery.DiscoveryClient    : Initial registry fetch from primary servers failed
2026-08-27T17:36:05.565-03:00  WARN 21918 --- [apigateway] [restartedMain] com.netflix.discovery.DiscoveryClient    : Using default backup registry implementation which does not do anything.
2026-08-27T17:36:05.565-03:00  INFO 21918 --- [apigateway] [restartedMain] com.netflix.discovery.DiscoveryClient    : Initial registry fetch from backup servers failed
2026-08-27T17:36:05.566-03:00  INFO 21918 --- [apigateway] [restartedMain] com.netflix.discovery.DiscoveryClient    : Starting heartbeat executor: renew interval is: 30
2026-08-27T17:36:05.568-03:00  INFO 21918 --- [apigateway] [restartedMain] c.n.discovery.InstanceInfoReplicator     : InstanceInfoReplicator onDemand update allowed rate per min is 4
2026-08-27T17:36:05.570-03:00  INFO 21918 --- [apigateway] [restartedMain] com.netflix.discovery.DiscoveryClient    : Discovery Client initialized at timestamp 1787862965569 with initial instances count: 0
2026-08-27T17:36:05.573-03:00  INFO 21918 --- [apigateway] [restartedMain] o.s.c.n.e.s.EurekaServiceRegistry        : Registering application APIGATEWAY with eureka with status UP
2026-08-27T17:36:05.574-03:00  INFO 21918 --- [apigateway] [restartedMain] com.netflix.discovery.DiscoveryClient    : Saw local status change event StatusChangeEvent [timestamp=1787862965574, current=UP, previous=STARTING]
2026-08-27T17:36:05.576-03:00  INFO 21918 --- [apigateway] [DiscoveryClient-InstanceInfoReplicator-%d] com.netflix.discovery.DiscoveryClient    : DiscoveryClient_APIGATEWAY/192.168.0.39:apigateway:8765: registering service...
2026-08-27T17:36:05.606-03:00 DEBUG 21918 --- [apigateway] [restartedMain] o.s.c.g.filter.GatewayMetricsFilter      : New routes count: 0
2026-08-27T17:36:05.660-03:00  INFO 21918 --- [apigateway] [DiscoveryClient-InstanceInfoReplicator-%d] c.n.d.s.t.d.RedirectingEurekaHttpClient  : Request execution error. endpoint=DefaultEndpoint{ serviceUrl='http://localhost:8761/eureka/}, exception=I/O error on POST request for "http://localhost:8761/eureka/apps/APIGATEWAY": Connect to http://localhost:8761 failed: Conexão recusada

org.springframework.web.client.ResourceAccessException: I/O error on POST request for "http://localhost:8761/eureka/apps/APIGATEWAY": Connect to http://localhost:8761 failed: Conexão recusada
	at org.springframework.web.client.DefaultRestClient$DefaultRequestBodyUriSpec.createResourceAccessException(DefaultRestClient.java:779) ~[spring-web-7.0.8.jar:7.0.8]
	at org.springframework.web.client.DefaultRestClient$DefaultRequestBodyUriSpec.exchangeInternal(DefaultRestClient.java:624) ~[spring-web-7.0.8.jar:7.0.8]
	at org.springframework.web.client.DefaultRestClient$DefaultRequestBodyUriSpec.exchange(DefaultRestClient.java:572) ~[spring-web-7.0.8.jar:7.0.8]
	at org.springframework.web.client.RestClient$RequestHeadersSpec.exchange(RestClient.java:747) ~[spring-web-7.0.8.jar:7.0.8]
	at org.springframework.web.client.DefaultRestClient$DefaultResponseSpec.executeAndExtract(DefaultRestClient.java:924) ~[spring-web-7.0.8.jar:7.0.8]
	at org.springframework.web.client.DefaultRestClient$DefaultResponseSpec.toBodilessEntity(DefaultRestClient.java:888) ~[spring-web-7.0.8.jar:7.0.8]
	at org.springframework.cloud.netflix.eureka.http.RestClientEurekaHttpClient.register(RestClientEurekaHttpClient.java:64) ~[spring-cloud-netflix-eureka-client-5.0.2.jar:5.0.2]
	at com.netflix.discovery.shared.transport.decorator.EurekaHttpClientDecorator$1.execute(EurekaHttpClientDecorator.java:59) ~[eureka-client-2.0.6.jar:2.0.6]
	at com.netflix.discovery.shared.transport.decorator.RedirectingEurekaHttpClient.executeOnNewServer(RedirectingEurekaHttpClient.java:120) ~[eureka-client-2.0.6.jar:2.0.6]
	at com.netflix.discovery.shared.transport.decorator.RedirectingEurekaHttpClient.execute(RedirectingEurekaHttpClient.java:79) ~[eureka-client-2.0.6.jar:2.0.6]
	at com.netflix.discovery.shared.transport.decorator.EurekaHttpClientDecorator.register(EurekaHttpClientDecorator.java:56) ~[eureka-client-2.0.6.jar:2.0.6]
	at com.netflix.discovery.shared.transport.decorator.EurekaHttpClientDecorator$1.execute(EurekaHttpClientDecorator.java:59) ~[eureka-client-2.0.6.jar:2.0.6]
	at com.netflix.discovery.shared.transport.decorator.RetryableEurekaHttpClient.execute(RetryableEurekaHttpClient.java:120) ~[eureka-client-2.0.6.jar:2.0.6]
	at com.netflix.discovery.shared.transport.decorator.EurekaHttpClientDecorator.register(EurekaHttpClientDecorator.java:56) ~[eureka-client-2.0.6.jar:2.0.6]
	at com.netflix.discovery.shared.transport.decorator.EurekaHttpClientDecorator$1.execute(EurekaHttpClientDecorator.java:59) ~[eureka-client-2.0.6.jar:2.0.6]
	at com.netflix.discovery.shared.transport.decorator.SessionedEurekaHttpClient.execute(SessionedEurekaHttpClient.java:76) ~[eureka-client-2.0.6.jar:2.0.6]
	at com.netflix.discovery.shared.transport.decorator.EurekaHttpClientDecorator.register(EurekaHttpClientDecorator.java:56) ~[eureka-client-2.0.6.jar:2.0.6]
	at com.netflix.discovery.DiscoveryClient.register(DiscoveryClient.java:843) ~[eureka-client-2.0.6.jar:2.0.6]
	at com.netflix.discovery.InstanceInfoReplicator.run(InstanceInfoReplicator.java:125) ~[eureka-client-2.0.6.jar:2.0.6]
	at com.netflix.discovery.InstanceInfoReplicator$2.run(InstanceInfoReplicator.java:105) ~[eureka-client-2.0.6.jar:2.0.6]
	at java.base/java.util.concurrent.Executors$RunnableAdapter.call(Executors.java:545) ~[na:na]
	at java.base/java.util.concurrent.FutureTask.run(FutureTask.java:328) ~[na:na]
	at java.base/java.util.concurrent.ScheduledThreadPoolExecutor$ScheduledFutureTask.run(ScheduledThreadPoolExecutor.java:309) ~[na:na]
	at java.base/java.util.concurrent.ThreadPoolExecutor.runWorker(ThreadPoolExecutor.java:1090) ~[na:na]
	at java.base/java.util.concurrent.ThreadPoolExecutor$Worker.run(ThreadPoolExecutor.java:614) ~[na:na]
	at java.base/java.lang.Thread.run(Thread.java:1474) ~[na:na]
Caused by: org.apache.hc.client5.http.HttpHostConnectException: Connect to http://localhost:8761 failed: Conexão recusada
	at java.base/sun.nio.ch.Net.pollConnect(Native Method) ~[na:na]
	at java.base/sun.nio.ch.Net.pollConnectNow(Net.java:639) ~[na:na]
	at java.base/sun.nio.ch.NioSocketImpl.timedFinishConnect(NioSocketImpl.java:543) ~[na:na]
	at java.base/sun.nio.ch.NioSocketImpl.connect(NioSocketImpl.java:594) ~[na:na]
	at java.base/java.net.SocksSocketImpl.connect(SocksSocketImpl.java:284) ~[na:na]
	at java.base/java.net.Socket.connect(Socket.java:659) ~[na:na]
	at org.apache.hc.client5.http.impl.io.DefaultHttpClientConnectionOperator.connect(DefaultHttpClientConnectionOperator.java:219) ~[httpclient5-5.6.1.jar:5.6.1]
	at org.apache.hc.client5.http.impl.io.PoolingHttpClientConnectionManager.connect(PoolingHttpClientConnectionManager.java:547) ~[httpclient5-5.6.1.jar:5.6.1]
	at org.apache.hc.client5.http.impl.classic.InternalExecRuntime.connectEndpoint(InternalExecRuntime.java:164) ~[httpclient5-5.6.1.jar:5.6.1]
	at org.apache.hc.client5.http.impl.classic.InternalExecRuntime.connectEndpoint(InternalExecRuntime.java:174) ~[httpclient5-5.6.1.jar:5.6.1]
	at org.apache.hc.client5.http.impl.classic.ConnectExec.execute(ConnectExec.java:144) ~[httpclient5-5.6.1.jar:5.6.1]
	at org.apache.hc.client5.http.impl.classic.ExecChainElement.execute(ExecChainElement.java:51) ~[httpclient5-5.6.1.jar:5.6.1]
	at org.apache.hc.client5.http.impl.classic.ProtocolExec.execute(ProtocolExec.java:192) ~[httpclient5-5.6.1.jar:5.6.1]
	at org.apache.hc.client5.http.impl.classic.ExecChainElement.execute(ExecChainElement.java:51) ~[httpclient5-5.6.1.jar:5.6.1]
	at org.apache.hc.client5.http.impl.classic.ContentCompressionExec.execute(ContentCompressionExec.java:138) ~[httpclient5-5.6.1.jar:5.6.1]
	at org.apache.hc.client5.http.impl.classic.ExecChainElement.execute(ExecChainElement.java:51) ~[httpclient5-5.6.1.jar:5.6.1]
	at org.apache.hc.client5.http.impl.classic.HttpRequestRetryExec.execute(HttpRequestRetryExec.java:112) ~[httpclient5-5.6.1.jar:5.6.1]
	at org.apache.hc.client5.http.impl.classic.ExecChainElement.execute(ExecChainElement.java:51) ~[httpclient5-5.6.1.jar:5.6.1]
	at org.apache.hc.client5.http.impl.classic.RedirectExec.execute(RedirectExec.java:110) ~[httpclient5-5.6.1.jar:5.6.1]
	at org.apache.hc.client5.http.impl.classic.ExecChainElement.execute(ExecChainElement.java:51) ~[httpclient5-5.6.1.jar:5.6.1]
	at org.apache.hc.client5.http.impl.classic.InternalHttpClient.doExecute(InternalHttpClient.java:185) ~[httpclient5-5.6.1.jar:5.6.1]
	at org.apache.hc.client5.http.impl.classic.CloseableHttpClient.execute(CloseableHttpClient.java:87) ~[httpclient5-5.6.1.jar:5.6.1]
	at org.apache.hc.client5.http.impl.classic.CloseableHttpClient.execute(CloseableHttpClient.java:55) ~[httpclient5-5.6.1.jar:5.6.1]
	at org.apache.hc.client5.http.classic.HttpClient.executeOpen(HttpClient.java:183) ~[httpclient5-5.6.1.jar:5.6.1]
	at org.springframework.http.client.HttpComponentsClientHttpRequest.executeInternal(HttpComponentsClientHttpRequest.java:99) ~[spring-web-7.0.8.jar:7.0.8]
	at org.springframework.http.client.AbstractStreamingClientHttpRequest.executeInternal(AbstractStreamingClientHttpRequest.java:87) ~[spring-web-7.0.8.jar:7.0.8]
	at org.springframework.http.client.AbstractClientHttpRequest.execute(AbstractClientHttpRequest.java:80) ~[spring-web-7.0.8.jar:7.0.8]
	at org.springframework.http.client.AbstractBufferingClientHttpRequest.executeWithRequestAndBody(AbstractBufferingClientHttpRequest.java:89) ~[spring-web-7.0.8.jar:7.0.8]
	at org.springframework.http.client.InterceptingClientHttpRequest$EndOfChainRequestExecution.execute(InterceptingClientHttpRequest.java:102) ~[spring-web-7.0.8.jar:7.0.8]
	at org.springframework.cloud.netflix.eureka.http.RestClientTransportClientFactory.lambda$newClient$2(RestClientTransportClientFactory.java:98) ~[spring-cloud-netflix-eureka-client-5.0.2.jar:5.0.2]
	at org.springframework.http.client.ClientHttpRequestInterceptor.lambda$apply$0(ClientHttpRequestInterceptor.java:89) ~[spring-web-7.0.8.jar:7.0.8]
	at org.springframework.http.client.InterceptingClientHttpRequest.executeInternal(InterceptingClientHttpRequest.java:73) ~[spring-web-7.0.8.jar:7.0.8]
	at org.springframework.http.client.AbstractBufferingClientHttpRequest.executeInternal(AbstractBufferingClientHttpRequest.java:50) ~[spring-web-7.0.8.jar:7.0.8]
	at org.springframework.http.client.AbstractClientHttpRequest.execute(AbstractClientHttpRequest.java:80) ~[spring-web-7.0.8.jar:7.0.8]
	at org.springframework.web.client.DefaultRestClient$DefaultRequestBodyUriSpec.exchangeInternal(DefaultRestClient.java:614) ~[spring-web-7.0.8.jar:7.0.8]
	... 24 common frames omitted

2026-08-27T17:36:05.662-03:00  WARN 21918 --- [apigateway] [DiscoveryClient-InstanceInfoReplicator-%d] c.n.d.s.t.d.RetryableEurekaHttpClient    : Request execution failed with message: I/O error on POST request for "http://localhost:8761/eureka/apps/APIGATEWAY": Connect to http://localhost:8761 failed: Conexão recusada
2026-08-27T17:36:05.662-03:00  WARN 21918 --- [apigateway] [DiscoveryClient-InstanceInfoReplicator-%d] com.netflix.discovery.DiscoveryClient    : DiscoveryClient_APIGATEWAY/192.168.0.39:apigateway:8765 - registration failed Cannot execute request on any known server

com.netflix.discovery.shared.transport.TransportException: Cannot execute request on any known server
	at com.netflix.discovery.shared.transport.decorator.RetryableEurekaHttpClient.execute(RetryableEurekaHttpClient.java:112) ~[eureka-client-2.0.6.jar:2.0.6]
	at com.netflix.discovery.shared.transport.decorator.EurekaHttpClientDecorator.register(EurekaHttpClientDecorator.java:56) ~[eureka-client-2.0.6.jar:2.0.6]
	at com.netflix.discovery.shared.transport.decorator.EurekaHttpClientDecorator$1.execute(EurekaHttpClientDecorator.java:59) ~[eureka-client-2.0.6.jar:2.0.6]
	at com.netflix.discovery.shared.transport.decorator.SessionedEurekaHttpClient.execute(SessionedEurekaHttpClient.java:76) ~[eureka-client-2.0.6.jar:2.0.6]
	at com.netflix.discovery.shared.transport.decorator.EurekaHttpClientDecorator.register(EurekaHttpClientDecorator.java:56) ~[eureka-client-2.0.6.jar:2.0.6]
	at com.netflix.discovery.DiscoveryClient.register(DiscoveryClient.java:843) ~[eureka-client-2.0.6.jar:2.0.6]
	at com.netflix.discovery.InstanceInfoReplicator.run(InstanceInfoReplicator.java:125) ~[eureka-client-2.0.6.jar:2.0.6]
	at com.netflix.discovery.InstanceInfoReplicator$2.run(InstanceInfoReplicator.java:105) ~[eureka-client-2.0.6.jar:2.0.6]
	at java.base/java.util.concurrent.Executors$RunnableAdapter.call(Executors.java:545) ~[na:na]
	at java.base/java.util.concurrent.FutureTask.run(FutureTask.java:328) ~[na:na]
	at java.base/java.util.concurrent.ScheduledThreadPoolExecutor$ScheduledFutureTask.run(ScheduledThreadPoolExecutor.java:309) ~[na:na]
	at java.base/java.util.concurrent.ThreadPoolExecutor.runWorker(ThreadPoolExecutor.java:1090) ~[na:na]
	at java.base/java.util.concurrent.ThreadPoolExecutor$Worker.run(ThreadPoolExecutor.java:614) ~[na:na]
	at java.base/java.lang.Thread.run(Thread.java:1474) ~[na:na]

2026-08-27T17:36:05.663-03:00  WARN 21918 --- [apigateway] [DiscoveryClient-InstanceInfoReplicator-%d] c.n.discovery.InstanceInfoReplicator     : There was a problem with the instance info replicator

com.netflix.discovery.shared.transport.TransportException: Cannot execute request on any known server
	at com.netflix.discovery.shared.transport.decorator.RetryableEurekaHttpClient.execute(RetryableEurekaHttpClient.java:112) ~[eureka-client-2.0.6.jar:2.0.6]
	at com.netflix.discovery.shared.transport.decorator.EurekaHttpClientDecorator.register(EurekaHttpClientDecorator.java:56) ~[eureka-client-2.0.6.jar:2.0.6]
	at com.netflix.discovery.shared.transport.decorator.EurekaHttpClientDecorator$1.execute(EurekaHttpClientDecorator.java:59) ~[eureka-client-2.0.6.jar:2.0.6]
	at com.netflix.discovery.shared.transport.decorator.SessionedEurekaHttpClient.execute(SessionedEurekaHttpClient.java:76) ~[eureka-client-2.0.6.jar:2.0.6]
	at com.netflix.discovery.shared.transport.decorator.EurekaHttpClientDecorator.register(EurekaHttpClientDecorator.java:56) ~[eureka-client-2.0.6.jar:2.0.6]
	at com.netflix.discovery.DiscoveryClient.register(DiscoveryClient.java:843) ~[eureka-client-2.0.6.jar:2.0.6]
	at com.netflix.discovery.InstanceInfoReplicator.run(InstanceInfoReplicator.java:125) ~[eureka-client-2.0.6.jar:2.0.6]
	at com.netflix.discovery.InstanceInfoReplicator$2.run(InstanceInfoReplicator.java:105) ~[eureka-client-2.0.6.jar:2.0.6]
	at java.base/java.util.concurrent.Executors$RunnableAdapter.call(Executors.java:545) ~[na:na]
	at java.base/java.util.concurrent.FutureTask.run(FutureTask.java:328) ~[na:na]
	at java.base/java.util.concurrent.ScheduledThreadPoolExecutor$ScheduledFutureTask.run(ScheduledThreadPoolExecutor.java:309) ~[na:na]
	at java.base/java.util.concurrent.ThreadPoolExecutor.runWorker(ThreadPoolExecutor.java:1090) ~[na:na]
	at java.base/java.util.concurrent.ThreadPoolExecutor$Worker.run(ThreadPoolExecutor.java:614) ~[na:na]
	at java.base/java.lang.Thread.run(Thread.java:1474) ~[na:na]

2026-08-27T17:36:05.720-03:00  INFO 21918 --- [apigateway] [restartedMain] o.s.boot.reactor.netty.NettyWebServer    : Netty started on port 8765 (http)
2026-08-27T17:36:05.722-03:00  INFO 21918 --- [apigateway] [restartedMain] .s.c.n.e.s.EurekaAutoServiceRegistration : Updating port to 8765
2026-08-27T17:36:05.735-03:00 DEBUG 21918 --- [apigateway] [restartedMain] o.s.c.g.filter.GatewayMetricsFilter      : New routes count: 0
2026-08-27T17:36:05.738-03:00  INFO 21918 --- [apigateway] [restartedMain] c.l.apigateway.ApigatewayApplication     : Started ApigatewayApplication in 4.65 seconds (process running for 5.555)
2026-08-27T17:36:32.236-03:00 DEBUG 21918 --- [apigateway] [reactor-http-epoll-2] o.s.c.g.h.RoutePredicateHandlerMapping   : Route matched: c253cf2d-3200-4734-9531-2e54fbab5278
2026-08-27T17:36:32.237-03:00 DEBUG 21918 --- [apigateway] [reactor-http-epoll-2] o.s.c.g.h.RoutePredicateHandlerMapping   : Mapping [Exchange: GET http://localhost:8765/biscoito/from/USD/to/INR/quantity/3] to Route{id='c253cf2d-3200-4734-9531-2e54fbab5278', uri=lb://CONVERSAO-ATIVA, order=0, predicate=Paths: [/biscoito/**], match trailing slash: true, gatewayFilters=[[[RewritePath /biscoito/(?<pedacoUrl>.*) = '/ativa/${pedacoUrl}'], order = 0]], metadata={}}
2026-08-27T17:36:32.238-03:00 DEBUG 21918 --- [apigateway] [reactor-http-epoll-2] o.s.c.g.h.RoutePredicateHandlerMapping   : [e36884e8-1] Mapped to org.springframework.cloud.gateway.handler.FilteringWebHandler@464b69c4
2026-08-27T17:36:32.239-03:00 DEBUG 21918 --- [apigateway] [reactor-http-epoll-2] o.s.c.g.handler.FilteringWebHandler      : Sorted gatewayFilterFactories: [[GatewayFilterAdapter{delegate=org.springframework.cloud.gateway.filter.RemoveCachedBodyFilter@4f7cbd93}, order = -2147483648], [GatewayFilterAdapter{delegate=org.springframework.cloud.gateway.filter.AdaptCachedBodyGlobalFilter@20206a50}, order = -2147482648], [GatewayFilterAdapter{delegate=org.springframework.cloud.gateway.filter.NettyWriteResponseFilter@56f7a26f}, order = -1], [GatewayFilterAdapter{delegate=org.springframework.cloud.gateway.filter.ForwardPathFilter@10f02ceb}, order = 0], [GatewayFilterAdapter{delegate=org.springframework.cloud.gateway.filter.GatewayMetricsFilter@1114a41a}, order = 0], [[RewritePath /biscoito/(?<pedacoUrl>.*) = '/ativa/${pedacoUrl}'], order = 0], [GatewayFilterAdapter{delegate=org.springframework.cloud.gateway.filter.RouteToRequestUrlFilter@725b35dd}, order = 10000], [GatewayFilterAdapter{delegate=org.springframework.cloud.gateway.filter.ReactiveLoadBalancerClientFilter@44ebbf35}, order = 10150], [GatewayFilterAdapter{delegate=org.springframework.cloud.gateway.filter.LoadBalancerServiceInstanceCookieFilter@3c7cbba}, order = 10151], [GatewayFilterAdapter{delegate=org.springframework.cloud.gateway.filter.WebsocketRoutingFilter@3aca9b43}, order = 2147483646], GatewayFilterAdapter{delegate=com.luciano.apigateway.log.Log@6ee253be}, [GatewayFilterAdapter{delegate=org.springframework.cloud.gateway.filter.NettyRoutingFilter@2a747b3c}, order = 2147483647], [GatewayFilterAdapter{delegate=org.springframework.cloud.gateway.filter.ForwardRoutingFilter@7b7f1d31}, order = 2147483647]]
2026-08-27T17:36:32.317-03:00  WARN 21918 --- [apigateway] [reactor-http-epoll-2] o.s.c.l.core.RoundRobinLoadBalancer      : No servers available for service: CONVERSAO-ATIVA
2026-08-27T17:36:35.567-03:00  INFO 21918 --- [apigateway] [DiscoveryClient-CacheRefreshExecutor-%d] com.netflix.discovery.DiscoveryClient    : Disable delta property : false
2026-08-27T17:36:35.567-03:00  INFO 21918 --- [apigateway] [DiscoveryClient-CacheRefreshExecutor-%d] com.netflix.discovery.DiscoveryClient    : Single vip registry refresh property : null
2026-08-27T17:36:35.567-03:00  INFO 21918 --- [apigateway] [DiscoveryClient-CacheRefreshExecutor-%d] com.netflix.discovery.DiscoveryClient    : Force full registry fetch : false
2026-08-27T17:36:35.567-03:00  INFO 21918 --- [apigateway] [DiscoveryClient-CacheRefreshExecutor-%d] com.netflix.discovery.DiscoveryClient    : Application is null : false
2026-08-27T17:36:35.567-03:00  INFO 21918 --- [apigateway] [DiscoveryClient-CacheRefreshExecutor-%d] com.netflix.discovery.DiscoveryClient    : Registered Applications size is zero : true
2026-08-27T17:36:35.567-03:00  INFO 21918 --- [apigateway] [DiscoveryClient-CacheRefreshExecutor-%d] com.netflix.discovery.DiscoveryClient    : Application version is -1: true
2026-08-27T17:36:35.568-03:00  INFO 21918 --- [apigateway] [DiscoveryClient-CacheRefreshExecutor-%d] com.netflix.discovery.DiscoveryClient    : Getting all instance registry info from the eureka server
2026-08-27T17:36:35.604-03:00  INFO 21918 --- [apigateway] [DiscoveryClient-HeartbeatExecutor-%d] com.netflix.discovery.DiscoveryClient    : DiscoveryClient_APIGATEWAY/192.168.0.39:apigateway:8765 - Re-registering apps/APIGATEWAY
2026-08-27T17:36:35.605-03:00  INFO 21918 --- [apigateway] [DiscoveryClient-HeartbeatExecutor-%d] com.netflix.discovery.DiscoveryClient    : DiscoveryClient_APIGATEWAY/192.168.0.39:apigateway:8765: registering service...
2026-08-27T17:36:35.619-03:00  INFO 21918 --- [apigateway] [DiscoveryClient-HeartbeatExecutor-%d] com.netflix.discovery.DiscoveryClient    : DiscoveryClient_APIGATEWAY/192.168.0.39:apigateway:8765 - registration status: 204
2026-08-27T17:36:35.686-03:00  INFO 21918 --- [apigateway] [DiscoveryClient-CacheRefreshExecutor-%d] com.netflix.discovery.DiscoveryClient    : The response status is 200
2026-08-27T17:36:35.696-03:00 DEBUG 21918 --- [apigateway] [DiscoveryClient-CacheRefreshExecutor-%d] o.s.c.g.r.RouteDefinitionRouteLocator    : RouteDefinition ReactiveCompositeDiscoveryClient_CONVERSAO-CORRENTE applying {pattern=/CONVERSAO-CORRENTE/**} to Path
2026-08-27T17:36:35.716-03:00 DEBUG 21918 --- [apigateway] [DiscoveryClient-CacheRefreshExecutor-%d] o.s.c.g.r.RouteDefinitionRouteLocator    : RouteDefinition ReactiveCompositeDiscoveryClient_CONVERSAO-CORRENTE applying filter {regexp=/CONVERSAO-CORRENTE/?(?<remaining>.*), replacement=/${remaining}} to RewritePath
2026-08-27T17:36:35.728-03:00 DEBUG 21918 --- [apigateway] [DiscoveryClient-CacheRefreshExecutor-%d] o.s.c.g.r.RouteDefinitionRouteLocator    : RouteDefinition matched: ReactiveCompositeDiscoveryClient_CONVERSAO-CORRENTE
2026-08-27T17:36:35.730-03:00 DEBUG 21918 --- [apigateway] [DiscoveryClient-CacheRefreshExecutor-%d] o.s.c.g.filter.GatewayMetricsFilter      : New routes count: 1
2026-08-27T17:36:36.879-03:00 DEBUG 21918 --- [apigateway] [reactor-http-epoll-3] o.s.c.g.h.RoutePredicateHandlerMapping   : Route matched: c253cf2d-3200-4734-9531-2e54fbab5278
2026-08-27T17:36:36.879-03:00 DEBUG 21918 --- [apigateway] [reactor-http-epoll-3] o.s.c.g.h.RoutePredicateHandlerMapping   : Mapping [Exchange: GET http://localhost:8765/biscoito/from/USD/to/INR/quantity/3] to Route{id='c253cf2d-3200-4734-9531-2e54fbab5278', uri=lb://CONVERSAO-ATIVA, order=0, predicate=Paths: [/biscoito/**], match trailing slash: true, gatewayFilters=[[[RewritePath /biscoito/(?<pedacoUrl>.*) = '/ativa/${pedacoUrl}'], order = 0]], metadata={}}
2026-08-27T17:36:36.879-03:00 DEBUG 21918 --- [apigateway] [reactor-http-epoll-3] o.s.c.g.h.RoutePredicateHandlerMapping   : [d479236a-3] Mapped to org.springframework.cloud.gateway.handler.FilteringWebHandler@464b69c4
2026-08-27T17:36:36.880-03:00 DEBUG 21918 --- [apigateway] [reactor-http-epoll-3] o.s.c.g.handler.FilteringWebHandler      : Sorted gatewayFilterFactories: [[GatewayFilterAdapter{delegate=org.springframework.cloud.gateway.filter.RemoveCachedBodyFilter@4f7cbd93}, order = -2147483648], [GatewayFilterAdapter{delegate=org.springframework.cloud.gateway.filter.AdaptCachedBodyGlobalFilter@20206a50}, order = -2147482648], [GatewayFilterAdapter{delegate=org.springframework.cloud.gateway.filter.NettyWriteResponseFilter@56f7a26f}, order = -1], [GatewayFilterAdapter{delegate=org.springframework.cloud.gateway.filter.ForwardPathFilter@10f02ceb}, order = 0], [GatewayFilterAdapter{delegate=org.springframework.cloud.gateway.filter.GatewayMetricsFilter@1114a41a}, order = 0], [[RewritePath /biscoito/(?<pedacoUrl>.*) = '/ativa/${pedacoUrl}'], order = 0], [GatewayFilterAdapter{delegate=org.springframework.cloud.gateway.filter.RouteToRequestUrlFilter@725b35dd}, order = 10000], [GatewayFilterAdapter{delegate=org.springframework.cloud.gateway.filter.ReactiveLoadBalancerClientFilter@44ebbf35}, order = 10150], [GatewayFilterAdapter{delegate=org.springframework.cloud.gateway.filter.LoadBalancerServiceInstanceCookieFilter@3c7cbba}, order = 10151], [GatewayFilterAdapter{delegate=org.springframework.cloud.gateway.filter.WebsocketRoutingFilter@3aca9b43}, order = 2147483646], GatewayFilterAdapter{delegate=com.luciano.apigateway.log.Log@6ee253be}, [GatewayFilterAdapter{delegate=org.springframework.cloud.gateway.filter.NettyRoutingFilter@2a747b3c}, order = 2147483647], [GatewayFilterAdapter{delegate=org.springframework.cloud.gateway.filter.ForwardRoutingFilter@7b7f1d31}, order = 2147483647]]
2026-08-27T17:36:36.882-03:00  WARN 21918 --- [apigateway] [reactor-http-epoll-3] o.s.c.l.core.RoundRobinLoadBalancer      : No servers available for service: CONVERSAO-ATIVA
2026-08-27T17:36:39.360-03:00 DEBUG 21918 --- [apigateway] [reactor-http-epoll-3] o.s.c.g.h.RoutePredicateHandlerMapping   : Route matched: c253cf2d-3200-4734-9531-2e54fbab5278
2026-08-27T17:36:39.361-03:00 DEBUG 21918 --- [apigateway] [reactor-http-epoll-3] o.s.c.g.h.RoutePredicateHandlerMapping   : Mapping [Exchange: GET http://localhost:8765/biscoito/from/USD/to/INR/quantity/3] to Route{id='c253cf2d-3200-4734-9531-2e54fbab5278', uri=lb://CONVERSAO-ATIVA, order=0, predicate=Paths: [/biscoito/**], match trailing slash: true, gatewayFilters=[[[RewritePath /biscoito/(?<pedacoUrl>.*) = '/ativa/${pedacoUrl}'], order = 0]], metadata={}}
2026-08-27T17:36:39.361-03:00 DEBUG 21918 --- [apigateway] [reactor-http-epoll-3] o.s.c.g.h.RoutePredicateHandlerMapping   : [d479236a-4] Mapped to org.springframework.cloud.gateway.handler.FilteringWebHandler@464b69c4
2026-08-27T17:36:39.361-03:00 DEBUG 21918 --- [apigateway] [reactor-http-epoll-3] o.s.c.g.handler.FilteringWebHandler      : Sorted gatewayFilterFactories: [[GatewayFilterAdapter{delegate=org.springframework.cloud.gateway.filter.RemoveCachedBodyFilter@4f7cbd93}, order = -2147483648], [GatewayFilterAdapter{delegate=org.springframework.cloud.gateway.filter.AdaptCachedBodyGlobalFilter@20206a50}, order = -2147482648], [GatewayFilterAdapter{delegate=org.springframework.cloud.gateway.filter.NettyWriteResponseFilter@56f7a26f}, order = -1], [GatewayFilterAdapter{delegate=org.springframework.cloud.gateway.filter.ForwardPathFilter@10f02ceb}, order = 0], [GatewayFilterAdapter{delegate=org.springframework.cloud.gateway.filter.GatewayMetricsFilter@1114a41a}, order = 0], [[RewritePath /biscoito/(?<pedacoUrl>.*) = '/ativa/${pedacoUrl}'], order = 0], [GatewayFilterAdapter{delegate=org.springframework.cloud.gateway.filter.RouteToRequestUrlFilter@725b35dd}, order = 10000], [GatewayFilterAdapter{delegate=org.springframework.cloud.gateway.filter.ReactiveLoadBalancerClientFilter@44ebbf35}, order = 10150], [GatewayFilterAdapter{delegate=org.springframework.cloud.gateway.filter.LoadBalancerServiceInstanceCookieFilter@3c7cbba}, order = 10151], [GatewayFilterAdapter{delegate=org.springframework.cloud.gateway.filter.WebsocketRoutingFilter@3aca9b43}, order = 2147483646], GatewayFilterAdapter{delegate=com.luciano.apigateway.log.Log@6ee253be}, [GatewayFilterAdapter{delegate=org.springframework.cloud.gateway.filter.NettyRoutingFilter@2a747b3c}, order = 2147483647], [GatewayFilterAdapter{delegate=org.springframework.cloud.gateway.filter.ForwardRoutingFilter@7b7f1d31}, order = 2147483647]]
2026-08-27T17:36:39.363-03:00  WARN 21918 --- [apigateway] [reactor-http-epoll-3] o.s.c.l.core.RoundRobinLoadBalancer      : No servers available for service: CONVERSAO-ATIVA
2026-08-27T17:37:05.743-03:00 DEBUG 21918 --- [apigateway] [DiscoveryClient-CacheRefreshExecutor-%d] o.s.c.g.r.RouteDefinitionRouteLocator    : RouteDefinition ReactiveCompositeDiscoveryClient_CONVERSAO-CORRENTE applying {pattern=/CONVERSAO-CORRENTE/**} to Path
2026-08-27T17:37:05.745-03:00 DEBUG 21918 --- [apigateway] [DiscoveryClient-CacheRefreshExecutor-%d] o.s.c.g.r.RouteDefinitionRouteLocator    : RouteDefinition ReactiveCompositeDiscoveryClient_CONVERSAO-CORRENTE applying filter {regexp=/CONVERSAO-CORRENTE/?(?<remaining>.*), replacement=/${remaining}} to RewritePath
2026-08-27T17:37:05.746-03:00 DEBUG 21918 --- [apigateway] [DiscoveryClient-CacheRefreshExecutor-%d] o.s.c.g.r.RouteDefinitionRouteLocator    : RouteDefinition matched: ReactiveCompositeDiscoveryClient_CONVERSAO-CORRENTE
2026-08-27T17:37:05.747-03:00 DEBUG 21918 --- [apigateway] [DiscoveryClient-CacheRefreshExecutor-%d] o.s.c.g.r.RouteDefinitionRouteLocator    : RouteDefinition ReactiveCompositeDiscoveryClient_CONVERSAO-ATIVA applying {pattern=/CONVERSAO-ATIVA/**} to Path
2026-08-27T17:37:05.749-03:00 DEBUG 21918 --- [apigateway] [DiscoveryClient-CacheRefreshExecutor-%d] o.s.c.g.r.RouteDefinitionRouteLocator    : RouteDefinition ReactiveCompositeDiscoveryClient_CONVERSAO-ATIVA applying filter {regexp=/CONVERSAO-ATIVA/?(?<remaining>.*), replacement=/${remaining}} to RewritePath
2026-08-27T17:37:05.750-03:00 DEBUG 21918 --- [apigateway] [DiscoveryClient-CacheRefreshExecutor-%d] o.s.c.g.r.RouteDefinitionRouteLocator    : RouteDefinition matched: ReactiveCompositeDiscoveryClient_CONVERSAO-ATIVA
2026-08-27T17:37:05.751-03:00 DEBUG 21918 --- [apigateway] [DiscoveryClient-CacheRefreshExecutor-%d] o.s.c.g.r.RouteDefinitionRouteLocator    : RouteDefinition ReactiveCompositeDiscoveryClient_APIGATEWAY applying {pattern=/APIGATEWAY/**} to Path
2026-08-27T17:37:05.752-03:00 DEBUG 21918 --- [apigateway] [DiscoveryClient-CacheRefreshExecutor-%d] o.s.c.g.r.RouteDefinitionRouteLocator    : RouteDefinition ReactiveCompositeDiscoveryClient_APIGATEWAY applying filter {regexp=/APIGATEWAY/?(?<remaining>.*), replacement=/${remaining}} to RewritePath
2026-08-27T17:37:05.753-03:00 DEBUG 21918 --- [apigateway] [DiscoveryClient-CacheRefreshExecutor-%d] o.s.c.g.r.RouteDefinitionRouteLocator    : RouteDefinition matched: ReactiveCompositeDiscoveryClient_APIGATEWAY
2026-08-27T17:37:05.756-03:00 DEBUG 21918 --- [apigateway] [DiscoveryClient-CacheRefreshExecutor-%d] o.s.c.g.filter.GatewayMetricsFilter      : New routes count: 3
2026-08-27T17:37:27.008-03:00 DEBUG 21918 --- [apigateway] [reactor-http-epoll-3] o.s.c.g.h.RoutePredicateHandlerMapping   : Route matched: c253cf2d-3200-4734-9531-2e54fbab5278
2026-08-27T17:37:27.009-03:00 DEBUG 21918 --- [apigateway] [reactor-http-epoll-3] o.s.c.g.h.RoutePredicateHandlerMapping   : Mapping [Exchange: GET http://localhost:8765/biscoito/from/USD/to/INR/quantity/3] to Route{id='c253cf2d-3200-4734-9531-2e54fbab5278', uri=lb://CONVERSAO-ATIVA, order=0, predicate=Paths: [/biscoito/**], match trailing slash: true, gatewayFilters=[[[RewritePath /biscoito/(?<pedacoUrl>.*) = '/ativa/${pedacoUrl}'], order = 0]], metadata={}}
2026-08-27T17:37:27.009-03:00 DEBUG 21918 --- [apigateway] [reactor-http-epoll-3] o.s.c.g.h.RoutePredicateHandlerMapping   : [d479236a-5] Mapped to org.springframework.cloud.gateway.handler.FilteringWebHandler@464b69c4
2026-08-27T17:37:27.009-03:00 DEBUG 21918 --- [apigateway] [reactor-http-epoll-3] o.s.c.g.handler.FilteringWebHandler      : Sorted gatewayFilterFactories: [[GatewayFilterAdapter{delegate=org.springframework.cloud.gateway.filter.RemoveCachedBodyFilter@4f7cbd93}, order = -2147483648], [GatewayFilterAdapter{delegate=org.springframework.cloud.gateway.filter.AdaptCachedBodyGlobalFilter@20206a50}, order = -2147482648], [GatewayFilterAdapter{delegate=org.springframework.cloud.gateway.filter.NettyWriteResponseFilter@56f7a26f}, order = -1], [GatewayFilterAdapter{delegate=org.springframework.cloud.gateway.filter.ForwardPathFilter@10f02ceb}, order = 0], [GatewayFilterAdapter{delegate=org.springframework.cloud.gateway.filter.GatewayMetricsFilter@1114a41a}, order = 0], [[RewritePath /biscoito/(?<pedacoUrl>.*) = '/ativa/${pedacoUrl}'], order = 0], [GatewayFilterAdapter{delegate=org.springframework.cloud.gateway.filter.RouteToRequestUrlFilter@725b35dd}, order = 10000], [GatewayFilterAdapter{delegate=org.springframework.cloud.gateway.filter.ReactiveLoadBalancerClientFilter@44ebbf35}, order = 10150], [GatewayFilterAdapter{delegate=org.springframework.cloud.gateway.filter.LoadBalancerServiceInstanceCookieFilter@3c7cbba}, order = 10151], [GatewayFilterAdapter{delegate=org.springframework.cloud.gateway.filter.WebsocketRoutingFilter@3aca9b43}, order = 2147483646], GatewayFilterAdapter{delegate=com.luciano.apigateway.log.Log@6ee253be}, [GatewayFilterAdapter{delegate=org.springframework.cloud.gateway.filter.NettyRoutingFilter@2a747b3c}, order = 2147483647], [GatewayFilterAdapter{delegate=org.springframework.cloud.gateway.filter.ForwardRoutingFilter@7b7f1d31}, order = 2147483647]]
2026-08-27T17:37:27.013-03:00  INFO 21918 --- [apigateway] [reactor-http-epoll-3] com.luciano.apigateway.log.Log           : Caminho da requisição recebida olhe aqui biscoito -> /ativa/from/USD/to/INR/quantity/3
2026-08-27T17:37:27.018-03:00 DEBUG 21918 --- [apigateway] [reactor-http-epoll-3] g.f.h.o.ObservedRequestHttpHeadersFilter : Will instrument the HTTP request headers [Host:"localhost:8765", User-Agent:"Mozilla/5.0 (X11; Linux x86_64; rv:140.0) Gecko/20100101 Firefox/140.0", Accept:"text/html,application/xhtml+xml,application/xml;q=0.9,*/*;q=0.8", Accept-Language:"pt-BR,pt;q=0.8,en-US;q=0.5,en;q=0.3", Accept-Encoding:"gzip, deflate, br, zstd", Upgrade-Insecure-Requests:"1", Sec-Fetch-Dest:"document", Sec-Fetch-Mode:"navigate", Sec-Fetch-Site:"none", Sec-Fetch-User:"?1", Priority:"u=0, i"]
2026-08-27T17:37:27.023-03:00 DEBUG 21918 --- [apigateway] [reactor-http-epoll-3] g.f.h.o.ObservedRequestHttpHeadersFilter : Client observation  {name=http.client.requests(null), error=null, context=name='http.client.requests', contextualName='null', error='null', lowCardinalityKeyValues=[http.method='GET', http.status_code='UNKNOWN', spring.cloud.gateway.route.id='c253cf2d-3200-4734-9531-2e54fbab5278', spring.cloud.gateway.route.uri='lb://CONVERSAO-ATIVA'], highCardinalityKeyValues=[http.uri='http://localhost:8765/ativa/from/USD/to/INR/quantity/3'], map=[class io.micrometer.core.instrument.Timer$Sample='io.micrometer.core.instrument.Timer$Sample@32926979', class io.micrometer.core.instrument.LongTaskTimer$Sample='SampleImpl{duration(seconds)=9.77445E-4, duration(nanos)=977445.0, startTimeNanos=5056883588216}'], parentObservation={name=http.server.requests(null), error=null, context=name='http.server.requests', contextualName='null', error='null', lowCardinalityKeyValues=[exception='none', method='GET', outcome='SUCCESS', status='200', uri='UNKNOWN'], highCardinalityKeyValues=[http.url='/biscoito/from/USD/to/INR/quantity/3'], map=[class io.micrometer.core.instrument.Timer$Sample='io.micrometer.core.instrument.Timer$Sample@5aac3466', class io.micrometer.core.instrument.LongTaskTimer$Sample='SampleImpl{duration(seconds)=0.015791234, duration(nanos)=1.5791234E7, startTimeNanos=5056868957554}'], parentObservation=null}} created for the request. New headers are [Host:"localhost:8765", User-Agent:"Mozilla/5.0 (X11; Linux x86_64; rv:140.0) Gecko/20100101 Firefox/140.0", Accept:"text/html,application/xhtml+xml,application/xml;q=0.9,*/*;q=0.8", Accept-Language:"pt-BR,pt;q=0.8,en-US;q=0.5,en;q=0.3", Accept-Encoding:"gzip, deflate, br, zstd", Upgrade-Insecure-Requests:"1", Sec-Fetch-Dest:"document", Sec-Fetch-Mode:"navigate", Sec-Fetch-Site:"none", Sec-Fetch-User:"?1", Priority:"u=0, i"]
2026-08-27T17:37:28.027-03:00 DEBUG 21918 --- [apigateway] [reactor-http-epoll-3] .f.h.o.ObservedResponseHttpHeadersFilter : Will instrument the response
2026-08-27T17:37:28.027-03:00 DEBUG 21918 --- [apigateway] [reactor-http-epoll-3] .f.h.o.ObservedResponseHttpHeadersFilter : The response was handled for observation {name=http.client.requests(null), error=null, context=name='http.client.requests', contextualName='null', error='null', lowCardinalityKeyValues=[http.method='GET', http.status_code='UNKNOWN', spring.cloud.gateway.route.id='c253cf2d-3200-4734-9531-2e54fbab5278', spring.cloud.gateway.route.uri='lb://CONVERSAO-ATIVA'], highCardinalityKeyValues=[http.uri='http://localhost:8765/ativa/from/USD/to/INR/quantity/3'], map=[class io.micrometer.core.instrument.Timer$Sample='io.micrometer.core.instrument.Timer$Sample@32926979', class io.micrometer.core.instrument.LongTaskTimer$Sample='SampleImpl{duration(seconds)=1.005061424, duration(nanos)=1.005061424E9, startTimeNanos=5056883588216}'], parentObservation={name=http.server.requests(null), error=null, context=name='http.server.requests', contextualName='null', error='null', lowCardinalityKeyValues=[exception='none', method='GET', outcome='SUCCESS', status='200', uri='UNKNOWN'], highCardinalityKeyValues=[http.url='/biscoito/from/USD/to/INR/quantity/3'], map=[class io.micrometer.core.instrument.Timer$Sample='io.micrometer.core.instrument.Timer$Sample@5aac3466', class io.micrometer.core.instrument.LongTaskTimer$Sample='SampleImpl{duration(seconds)=1.019785536, duration(nanos)=1.019785536E9, startTimeNanos=5056868957554}'], parentObservation=null}}
2026-08-27T17:37:35.767-03:00 DEBUG 21918 --- [apigateway] [DiscoveryClient-CacheRefreshExecutor-%d] o.s.c.g.r.RouteDefinitionRouteLocator    : RouteDefinition ReactiveCompositeDiscoveryClient_CONVERSAO-CORRENTE applying {pattern=/CONVERSAO-CORRENTE/**} to Path
2026-08-27T17:37:35.769-03:00 DEBUG 21918 --- [apigateway] [DiscoveryClient-CacheRefreshExecutor-%d] o.s.c.g.r.RouteDefinitionRouteLocator    : RouteDefinition ReactiveCompositeDiscoveryClient_CONVERSAO-CORRENTE applying filter {regexp=/CONVERSAO-CORRENTE/?(?<remaining>.*), replacement=/${remaining}} to RewritePath
2026-08-27T17:37:35.770-03:00 DEBUG 21918 --- [apigateway] [DiscoveryClient-CacheRefreshExecutor-%d] o.s.c.g.r.RouteDefinitionRouteLocator    : RouteDefinition matched: ReactiveCompositeDiscoveryClient_CONVERSAO-CORRENTE
2026-08-27T17:37:35.770-03:00 DEBUG 21918 --- [apigateway] [DiscoveryClient-CacheRefreshExecutor-%d] o.s.c.g.r.RouteDefinitionRouteLocator    : RouteDefinition ReactiveCompositeDiscoveryClient_CONVERSAO-ATIVA applying {pattern=/CONVERSAO-ATIVA/**} to Path
2026-08-27T17:37:35.772-03:00 DEBUG 21918 --- [apigateway] [DiscoveryClient-CacheRefreshExecutor-%d] o.s.c.g.r.RouteDefinitionRouteLocator    : RouteDefinition ReactiveCompositeDiscoveryClient_CONVERSAO-ATIVA applying filter {regexp=/CONVERSAO-ATIVA/?(?<remaining>.*), replacement=/${remaining}} to RewritePath
2026-08-27T17:37:35.773-03:00 DEBUG 21918 --- [apigateway] [DiscoveryClient-CacheRefreshExecutor-%d] o.s.c.g.r.RouteDefinitionRouteLocator    : RouteDefinition matched: ReactiveCompositeDiscoveryClient_CONVERSAO-ATIVA
2026-08-27T17:37:35.774-03:00 DEBUG 21918 --- [apigateway] [DiscoveryClient-CacheRefreshExecutor-%d] o.s.c.g.r.RouteDefinitionRouteLocator    : RouteDefinition ReactiveCompositeDiscoveryClient_APIGATEWAY applying {pattern=/APIGATEWAY/**} to Path
2026-08-27T17:37:35.775-03:00 DEBUG 21918 --- [apigateway] [DiscoveryClient-CacheRefreshExecutor-%d] o.s.c.g.r.RouteDefinitionRouteLocator    : RouteDefinition ReactiveCompositeDiscoveryClient_APIGATEWAY applying filter {regexp=/APIGATEWAY/?(?<remaining>.*), replacement=/${remaining}} to RewritePath
2026-08-27T17:37:35.777-03:00 DEBUG 21918 --- [apigateway] [DiscoveryClient-CacheRefreshExecutor-%d] o.s.c.g.r.RouteDefinitionRouteLocator    : RouteDefinition matched: ReactiveCompositeDiscoveryClient_APIGATEWAY
2026-08-27T17:37:35.779-03:00 DEBUG 21918 --- [apigateway] [DiscoveryClient-CacheRefreshExecutor-%d] o.s.c.g.filter.GatewayMetricsFilter      : New routes count: 3
2026-08-27T17:38:05.794-03:00 DEBUG 21918 --- [apigateway] [DiscoveryClient-CacheRefreshExecutor-%d] o.s.c.g.r.RouteDefinitionRouteLocator    : RouteDefinition ReactiveCompositeDiscoveryClient_CONVERSAO-CORRENTE applying {pattern=/CONVERSAO-CORRENTE/**} to Path
2026-08-27T17:38:05.797-03:00 DEBUG 21918 --- [apigateway] [DiscoveryClient-CacheRefreshExecutor-%d] o.s.c.g.r.RouteDefinitionRouteLocator    : RouteDefinition ReactiveCompositeDiscoveryClient_CONVERSAO-CORRENTE applying filter {regexp=/CONVERSAO-CORRENTE/?(?<remaining>.*), replacement=/${remaining}} to RewritePath
2026-08-27T17:38:05.799-03:00 DEBUG 21918 --- [apigateway] [DiscoveryClient-CacheRefreshExecutor-%d] o.s.c.g.r.RouteDefinitionRouteLocator    : RouteDefinition matched: ReactiveCompositeDiscoveryClient_CONVERSAO-CORRENTE
2026-08-27T17:38:05.800-03:00 DEBUG 21918 --- [apigateway] [DiscoveryClient-CacheRefreshExecutor-%d] o.s.c.g.r.RouteDefinitionRouteLocator    : RouteDefinition ReactiveCompositeDiscoveryClient_CONVERSAO-ATIVA applying {pattern=/CONVERSAO-ATIVA/**} to Path
2026-08-27T17:38:05.802-03:00 DEBUG 21918 --- [apigateway] [DiscoveryClient-CacheRefreshExecutor-%d] o.s.c.g.r.RouteDefinitionRouteLocator    : RouteDefinition ReactiveCompositeDiscoveryClient_CONVERSAO-ATIVA applying filter {regexp=/CONVERSAO-ATIVA/?(?<remaining>.*), replacement=/${remaining}} to RewritePath
2026-08-27T17:38:05.803-03:00 DEBUG 21918 --- [apigateway] [DiscoveryClient-CacheRefreshExecutor-%d] o.s.c.g.r.RouteDefinitionRouteLocator    : RouteDefinition matched: ReactiveCompositeDiscoveryClient_CONVERSAO-ATIVA
2026-08-27T17:38:05.804-03:00 DEBUG 21918 --- [apigateway] [DiscoveryClient-CacheRefreshExecutor-%d] o.s.c.g.r.RouteDefinitionRouteLocator    : RouteDefinition ReactiveCompositeDiscoveryClient_APIGATEWAY applying {pattern=/APIGATEWAY/**} to Path
2026-08-27T17:38:05.805-03:00 DEBUG 21918 --- [apigateway] [DiscoveryClient-CacheRefreshExecutor-%d] o.s.c.g.r.RouteDefinitionRouteLocator    : RouteDefinition ReactiveCompositeDiscoveryClient_APIGATEWAY applying filter {regexp=/APIGATEWAY/?(?<remaining>.*), replacement=/${remaining}} to RewritePath
2026-08-27T17:38:05.806-03:00 DEBUG 21918 --- [apigateway] [DiscoveryClient-CacheRefreshExecutor-%d] o.s.c.g.r.RouteDefinitionRouteLocator    : RouteDefinition matched: ReactiveCompositeDiscoveryClient_APIGATEWAY
2026-08-27T17:38:05.808-03:00 DEBUG 21918 --- [apigateway] [DiscoveryClient-CacheRefreshExecutor-%d] o.s.c.g.filter.GatewayMetricsFilter      : New routes count: 3
2026-08-27T17:38:13.187-03:00 DEBUG 21918 --- [apigateway] [reactor-http-epoll-3] o.s.c.g.h.RoutePredicateHandlerMapping   : Route matched: c253cf2d-3200-4734-9531-2e54fbab5278
2026-08-27T17:38:13.187-03:00 DEBUG 21918 --- [apigateway] [reactor-http-epoll-3] o.s.c.g.h.RoutePredicateHandlerMapping   : Mapping [Exchange: GET http://localhost:8765/biscoito/from/USD/to/INR/quantity/69] to Route{id='c253cf2d-3200-4734-9531-2e54fbab5278', uri=lb://CONVERSAO-ATIVA, order=0, predicate=Paths: [/biscoito/**], match trailing slash: true, gatewayFilters=[[[RewritePath /biscoito/(?<pedacoUrl>.*) = '/ativa/${pedacoUrl}'], order = 0]], metadata={}}
2026-08-27T17:38:13.187-03:00 DEBUG 21918 --- [apigateway] [reactor-http-epoll-3] o.s.c.g.h.RoutePredicateHandlerMapping   : [d479236a-7] Mapped to org.springframework.cloud.gateway.handler.FilteringWebHandler@464b69c4
2026-08-27T17:38:13.188-03:00 DEBUG 21918 --- [apigateway] [reactor-http-epoll-3] o.s.c.g.handler.FilteringWebHandler      : Sorted gatewayFilterFactories: [[GatewayFilterAdapter{delegate=org.springframework.cloud.gateway.filter.RemoveCachedBodyFilter@4f7cbd93}, order = -2147483648], [GatewayFilterAdapter{delegate=org.springframework.cloud.gateway.filter.AdaptCachedBodyGlobalFilter@20206a50}, order = -2147482648], [GatewayFilterAdapter{delegate=org.springframework.cloud.gateway.filter.NettyWriteResponseFilter@56f7a26f}, order = -1], [GatewayFilterAdapter{delegate=org.springframework.cloud.gateway.filter.ForwardPathFilter@10f02ceb}, order = 0], [GatewayFilterAdapter{delegate=org.springframework.cloud.gateway.filter.GatewayMetricsFilter@1114a41a}, order = 0], [[RewritePath /biscoito/(?<pedacoUrl>.*) = '/ativa/${pedacoUrl}'], order = 0], [GatewayFilterAdapter{delegate=org.springframework.cloud.gateway.filter.RouteToRequestUrlFilter@725b35dd}, order = 10000], [GatewayFilterAdapter{delegate=org.springframework.cloud.gateway.filter.ReactiveLoadBalancerClientFilter@44ebbf35}, order = 10150], [GatewayFilterAdapter{delegate=org.springframework.cloud.gateway.filter.LoadBalancerServiceInstanceCookieFilter@3c7cbba}, order = 10151], [GatewayFilterAdapter{delegate=org.springframework.cloud.gateway.filter.WebsocketRoutingFilter@3aca9b43}, order = 2147483646], GatewayFilterAdapter{delegate=com.luciano.apigateway.log.Log@6ee253be}, [GatewayFilterAdapter{delegate=org.springframework.cloud.gateway.filter.NettyRoutingFilter@2a747b3c}, order = 2147483647], [GatewayFilterAdapter{delegate=org.springframework.cloud.gateway.filter.ForwardRoutingFilter@7b7f1d31}, order = 2147483647]]
2026-08-27T17:38:13.191-03:00  INFO 21918 --- [apigateway] [reactor-http-epoll-3] com.luciano.apigateway.log.Log           : Caminho da requisição recebida olhe aqui biscoito -> /ativa/from/USD/to/INR/quantity/69
2026-08-27T17:38:13.192-03:00 DEBUG 21918 --- [apigateway] [reactor-http-epoll-3] g.f.h.o.ObservedRequestHttpHeadersFilter : Will instrument the HTTP request headers [Host:"localhost:8765", User-Agent:"Mozilla/5.0 (X11; Linux x86_64; rv:140.0) Gecko/20100101 Firefox/140.0", Accept:"text/html,application/xhtml+xml,application/xml;q=0.9,*/*;q=0.8", Accept-Language:"pt-BR,pt;q=0.8,en-US;q=0.5,en;q=0.3", Accept-Encoding:"gzip, deflate, br, zstd", Upgrade-Insecure-Requests:"1", Sec-Fetch-Dest:"document", Sec-Fetch-Mode:"navigate", Sec-Fetch-Site:"none", Sec-Fetch-User:"?1", Priority:"u=0, i"]
2026-08-27T17:38:13.193-03:00 DEBUG 21918 --- [apigateway] [reactor-http-epoll-3] g.f.h.o.ObservedRequestHttpHeadersFilter : Client observation  {name=http.client.requests(null), error=null, context=name='http.client.requests', contextualName='null', error='null', lowCardinalityKeyValues=[http.method='GET', http.status_code='UNKNOWN', spring.cloud.gateway.route.id='c253cf2d-3200-4734-9531-2e54fbab5278', spring.cloud.gateway.route.uri='lb://CONVERSAO-ATIVA'], highCardinalityKeyValues=[http.uri='http://localhost:8765/ativa/from/USD/to/INR/quantity/69'], map=[class io.micrometer.core.instrument.Timer$Sample='io.micrometer.core.instrument.Timer$Sample@4ed28a6c', class io.micrometer.core.instrument.LongTaskTimer$Sample='SampleImpl{duration(seconds)=1.03297E-4, duration(nanos)=103297.0, startTimeNanos=5103054210727}'], parentObservation={name=http.server.requests(null), error=null, context=name='http.server.requests', contextualName='null', error='null', lowCardinalityKeyValues=[exception='none', method='GET', outcome='SUCCESS', status='200', uri='UNKNOWN'], highCardinalityKeyValues=[http.url='/biscoito/from/USD/to/INR/quantity/69'], map=[class io.micrometer.core.instrument.Timer$Sample='io.micrometer.core.instrument.Timer$Sample@41cdf184', class io.micrometer.core.instrument.LongTaskTimer$Sample='SampleImpl{duration(seconds)=0.007883733, duration(nanos)=7883733.0, startTimeNanos=5103046527511}'], parentObservation=null}} created for the request. New headers are [Host:"localhost:8765", User-Agent:"Mozilla/5.0 (X11; Linux x86_64; rv:140.0) Gecko/20100101 Firefox/140.0", Accept:"text/html,application/xhtml+xml,application/xml;q=0.9,*/*;q=0.8", Accept-Language:"pt-BR,pt;q=0.8,en-US;q=0.5,en;q=0.3", Accept-Encoding:"gzip, deflate, br, zstd", Upgrade-Insecure-Requests:"1", Sec-Fetch-Dest:"document", Sec-Fetch-Mode:"navigate", Sec-Fetch-Site:"none", Sec-Fetch-User:"?1", Priority:"u=0, i"]
2026-08-27T17:38:13.217-03:00 DEBUG 21918 --- [apigateway] [reactor-http-epoll-3] .f.h.o.ObservedResponseHttpHeadersFilter : Will instrument the response
2026-08-27T17:38:13.217-03:00 DEBUG 21918 --- [apigateway] [reactor-http-epoll-3] .f.h.o.ObservedResponseHttpHeadersFilter : The response was handled for observation {name=http.client.requests(null), error=null, context=name='http.client.requests', contextualName='null', error='null', lowCardinalityKeyValues=[http.method='GET', http.status_code='UNKNOWN', spring.cloud.gateway.route.id='c253cf2d-3200-4734-9531-2e54fbab5278', spring.cloud.gateway.route.uri='lb://CONVERSAO-ATIVA'], highCardinalityKeyValues=[http.uri='http://localhost:8765/ativa/from/USD/to/INR/quantity/69'], map=[class io.micrometer.core.instrument.Timer$Sample='io.micrometer.core.instrument.Timer$Sample@4ed28a6c', class io.micrometer.core.instrument.LongTaskTimer$Sample='SampleImpl{duration(seconds)=0.024547345, duration(nanos)=2.4547345E7, startTimeNanos=5103054210727}'], parentObservation={name=http.server.requests(null), error=null, context=name='http.server.requests', contextualName='null', error='null', lowCardinalityKeyValues=[exception='none', method='GET', outcome='SUCCESS', status='200', uri='UNKNOWN'], highCardinalityKeyValues=[http.url='/biscoito/from/USD/to/INR/quantity/69'], map=[class io.micrometer.core.instrument.Timer$Sample='io.micrometer.core.instrument.Timer$Sample@41cdf184', class io.micrometer.core.instrument.LongTaskTimer$Sample='SampleImpl{duration(seconds)=0.032328759, duration(nanos)=3.2328759E7, startTimeNanos=5103046527511}'], parentObservation=null}}
2026-08-27T17:38:35.823-03:00 DEBUG 21918 --- [apigateway] [DiscoveryClient-CacheRefreshExecutor-%d] o.s.c.g.r.RouteDefinitionRouteLocator    : RouteDefinition ReactiveCompositeDiscoveryClient_CONVERSAO-CORRENTE applying {pattern=/CONVERSAO-CORRENTE/**} to Path
2026-08-27T17:38:35.825-03:00 DEBUG 21918 --- [apigateway] [DiscoveryClient-CacheRefreshExecutor-%d] o.s.c.g.r.RouteDefinitionRouteLocator    : RouteDefinition ReactiveCompositeDiscoveryClient_CONVERSAO-CORRENTE applying filter {regexp=/CONVERSAO-CORRENTE/?(?<remaining>.*), replacement=/${remaining}} to RewritePath
2026-08-27T17:38:35.827-03:00 DEBUG 21918 --- [apigateway] [DiscoveryClient-CacheRefreshExecutor-%d] o.s.c.g.r.RouteDefinitionRouteLocator    : RouteDefinition matched: ReactiveCompositeDiscoveryClient_CONVERSAO-CORRENTE
2026-08-27T17:38:35.828-03:00 DEBUG 21918 --- [apigateway] [DiscoveryClient-CacheRefreshExecutor-%d] o.s.c.g.r.RouteDefinitionRouteLocator    : RouteDefinition ReactiveCompositeDiscoveryClient_CONVERSAO-ATIVA applying {pattern=/CONVERSAO-ATIVA/**} to Path
2026-08-27T17:38:35.831-03:00 DEBUG 21918 --- [apigateway] [DiscoveryClient-CacheRefreshExecutor-%d] o.s.c.g.r.RouteDefinitionRouteLocator    : RouteDefinition ReactiveCompositeDiscoveryClient_CONVERSAO-ATIVA applying filter {regexp=/CONVERSAO-ATIVA/?(?<remaining>.*), replacement=/${remaining}} to RewritePath
2026-08-27T17:38:35.832-03:00 DEBUG 21918 --- [apigateway] [DiscoveryClient-CacheRefreshExecutor-%d] o.s.c.g.r.RouteDefinitionRouteLocator    : RouteDefinition matched: ReactiveCompositeDiscoveryClient_CONVERSAO-ATIVA
2026-08-27T17:38:35.833-03:00 DEBUG 21918 --- [apigateway] [DiscoveryClient-CacheRefreshExecutor-%d] o.s.c.g.r.RouteDefinitionRouteLocator    : RouteDefinition ReactiveCompositeDiscoveryClient_APIGATEWAY applying {pattern=/APIGATEWAY/**} to Path
2026-08-27T17:38:35.835-03:00 DEBUG 21918 --- [apigateway] [DiscoveryClient-CacheRefreshExecutor-%d] o.s.c.g.r.RouteDefinitionRouteLocator    : RouteDefinition ReactiveCompositeDiscoveryClient_APIGATEWAY applying filter {regexp=/APIGATEWAY/?(?<remaining>.*), replacement=/${remaining}} to RewritePath
2026-08-27T17:38:35.837-03:00 DEBUG 21918 --- [apigateway] [DiscoveryClient-CacheRefreshExecutor-%d] o.s.c.g.r.RouteDefinitionRouteLocator    : RouteDefinition matched: ReactiveCompositeDiscoveryClient_APIGATEWAY
2026-08-27T17:38:35.840-03:00 DEBUG 21918 --- [apigateway] [DiscoveryClient-CacheRefreshExecutor-%d] o.s.c.g.filter.GatewayMetricsFilter      : New routes count: 3
2026-08-27T17:39:05.853-03:00 DEBUG 21918 --- [apigateway] [DiscoveryClient-CacheRefreshExecutor-%d] o.s.c.g.r.RouteDefinitionRouteLocator    : RouteDefinition ReactiveCompositeDiscoveryClient_CONVERSAO-CORRENTE applying {pattern=/CONVERSAO-CORRENTE/**} to Path
2026-08-27T17:39:05.855-03:00 DEBUG 21918 --- [apigateway] [DiscoveryClient-CacheRefreshExecutor-%d] o.s.c.g.r.RouteDefinitionRouteLocator    : RouteDefinition ReactiveCompositeDiscoveryClient_CONVERSAO-CORRENTE applying filter {regexp=/CONVERSAO-CORRENTE/?(?<remaining>.*), replacement=/${remaining}} to RewritePath
2026-08-27T17:39:05.857-03:00 DEBUG 21918 --- [apigateway] [DiscoveryClient-CacheRefreshExecutor-%d] o.s.c.g.r.RouteDefinitionRouteLocator    : RouteDefinition matched: ReactiveCompositeDiscoveryClient_CONVERSAO-CORRENTE
2026-08-27T17:39:05.858-03:00 DEBUG 21918 --- [apigateway] [DiscoveryClient-CacheRefreshExecutor-%d] o.s.c.g.r.RouteDefinitionRouteLocator    : RouteDefinition ReactiveCompositeDiscoveryClient_CONVERSAO-ATIVA applying {pattern=/CONVERSAO-ATIVA/**} to Path
2026-08-27T17:39:05.860-03:00 DEBUG 21918 --- [apigateway] [DiscoveryClient-CacheRefreshExecutor-%d] o.s.c.g.r.RouteDefinitionRouteLocator    : RouteDefinition ReactiveCompositeDiscoveryClient_CONVERSAO-ATIVA applying filter {regexp=/CONVERSAO-ATIVA/?(?<remaining>.*), replacement=/${remaining}} to RewritePath
2026-08-27T17:39:05.862-03:00 DEBUG 21918 --- [apigateway] [DiscoveryClient-CacheRefreshExecutor-%d] o.s.c.g.r.RouteDefinitionRouteLocator    : RouteDefinition matched: ReactiveCompositeDiscoveryClient_CONVERSAO-ATIVA
2026-08-27T17:39:05.862-03:00 DEBUG 21918 --- [apigateway] [DiscoveryClient-CacheRefreshExecutor-%d] o.s.c.g.r.RouteDefinitionRouteLocator    : RouteDefinition ReactiveCompositeDiscoveryClient_APIGATEWAY applying {pattern=/APIGATEWAY/**} to Path
2026-08-27T17:39:05.864-03:00 DEBUG 21918 --- [apigateway] [DiscoveryClient-CacheRefreshExecutor-%d] o.s.c.g.r.RouteDefinitionRouteLocator    : RouteDefinition ReactiveCompositeDiscoveryClient_APIGATEWAY applying filter {regexp=/APIGATEWAY/?(?<remaining>.*), replacement=/${remaining}} to RewritePath
2026-08-27T17:39:05.866-03:00 DEBUG 21918 --- [apigateway] [DiscoveryClient-CacheRefreshExecutor-%d] o.s.c.g.r.RouteDefinitionRouteLocator    : RouteDefinition matched: ReactiveCompositeDiscoveryClient_APIGATEWAY
2026-08-27T17:39:05.870-03:00 DEBUG 21918 --- [apigateway] [DiscoveryClient-CacheRefreshExecutor-%d] o.s.c.g.filter.GatewayMetricsFilter      : New routes count: 3
2026-08-27T17:39:35.883-03:00 DEBUG 21918 --- [apigateway] [DiscoveryClient-CacheRefreshExecutor-%d] o.s.c.g.r.RouteDefinitionRouteLocator    : RouteDefinition ReactiveCompositeDiscoveryClient_CONVERSAO-CORRENTE applying {pattern=/CONVERSAO-CORRENTE/**} to Path
2026-08-27T17:39:35.885-03:00 DEBUG 21918 --- [apigateway] [DiscoveryClient-CacheRefreshExecutor-%d] o.s.c.g.r.RouteDefinitionRouteLocator    : RouteDefinition ReactiveCompositeDiscoveryClient_CONVERSAO-CORRENTE applying filter {regexp=/CONVERSAO-CORRENTE/?(?<remaining>.*), replacement=/${remaining}} to RewritePath
2026-08-27T17:39:35.886-03:00 DEBUG 21918 --- [apigateway] [DiscoveryClient-CacheRefreshExecutor-%d] o.s.c.g.r.RouteDefinitionRouteLocator    : RouteDefinition matched: ReactiveCompositeDiscoveryClient_CONVERSAO-CORRENTE
2026-08-27T17:39:35.886-03:00 DEBUG 21918 --- [apigateway] [DiscoveryClient-CacheRefreshExecutor-%d] o.s.c.g.r.RouteDefinitionRouteLocator    : RouteDefinition ReactiveCompositeDiscoveryClient_CONVERSAO-ATIVA applying {pattern=/CONVERSAO-ATIVA/**} to Path
2026-08-27T17:39:35.888-03:00 DEBUG 21918 --- [apigateway] [DiscoveryClient-CacheRefreshExecutor-%d] o.s.c.g.r.RouteDefinitionRouteLocator    : RouteDefinition ReactiveCompositeDiscoveryClient_CONVERSAO-ATIVA applying filter {regexp=/CONVERSAO-ATIVA/?(?<remaining>.*), replacement=/${remaining}} to RewritePath
2026-08-27T17:39:35.890-03:00 DEBUG 21918 --- [apigateway] [DiscoveryClient-CacheRefreshExecutor-%d] o.s.c.g.r.RouteDefinitionRouteLocator    : RouteDefinition matched: ReactiveCompositeDiscoveryClient_CONVERSAO-ATIVA
2026-08-27T17:39:35.891-03:00 DEBUG 21918 --- [apigateway] [DiscoveryClient-CacheRefreshExecutor-%d] o.s.c.g.r.RouteDefinitionRouteLocator    : RouteDefinition ReactiveCompositeDiscoveryClient_APIGATEWAY applying {pattern=/APIGATEWAY/**} to Path
2026-08-27T17:39:35.892-03:00 DEBUG 21918 --- [apigateway] [DiscoveryClient-CacheRefreshExecutor-%d] o.s.c.g.r.RouteDefinitionRouteLocator    : RouteDefinition ReactiveCompositeDiscoveryClient_APIGATEWAY applying filter {regexp=/APIGATEWAY/?(?<remaining>.*), replacement=/${remaining}} to RewritePath
2026-08-27T17:39:35.894-03:00 DEBUG 21918 --- [apigateway] [DiscoveryClient-CacheRefreshExecutor-%d] o.s.c.g.r.RouteDefinitionRouteLocator    : RouteDefinition matched: ReactiveCompositeDiscoveryClient_APIGATEWAY
2026-08-27T17:39:35.896-03:00 DEBUG 21918 --- [apigateway] [DiscoveryClient-CacheRefreshExecutor-%d] o.s.c.g.filter.GatewayMetricsFilter      : New routes count: 3
2026-08-27T17:40:05.909-03:00 DEBUG 21918 --- [apigateway] [DiscoveryClient-CacheRefreshExecutor-%d] o.s.c.g.r.RouteDefinitionRouteLocator    : RouteDefinition ReactiveCompositeDiscoveryClient_CONVERSAO-CORRENTE applying {pattern=/CONVERSAO-CORRENTE/**} to Path
2026-08-27T17:40:05.912-03:00 DEBUG 21918 --- [apigateway] [DiscoveryClient-CacheRefreshExecutor-%d] o.s.c.g.r.RouteDefinitionRouteLocator    : RouteDefinition ReactiveCompositeDiscoveryClient_CONVERSAO-CORRENTE applying filter {regexp=/CONVERSAO-CORRENTE/?(?<remaining>.*), replacement=/${remaining}} to RewritePath
2026-08-27T17:40:05.914-03:00 DEBUG 21918 --- [apigateway] [DiscoveryClient-CacheRefreshExecutor-%d] o.s.c.g.r.RouteDefinitionRouteLocator    : RouteDefinition matched: ReactiveCompositeDiscoveryClient_CONVERSAO-CORRENTE
2026-08-27T17:40:05.915-03:00 DEBUG 21918 --- [apigateway] [DiscoveryClient-CacheRefreshExecutor-%d] o.s.c.g.r.RouteDefinitionRouteLocator    : RouteDefinition ReactiveCompositeDiscoveryClient_CONVERSAO-ATIVA applying {pattern=/CONVERSAO-ATIVA/**} to Path
2026-08-27T17:40:05.917-03:00 DEBUG 21918 --- [apigateway] [DiscoveryClient-CacheRefreshExecutor-%d] o.s.c.g.r.RouteDefinitionRouteLocator    : RouteDefinition ReactiveCompositeDiscoveryClient_CONVERSAO-ATIVA applying filter {regexp=/CONVERSAO-ATIVA/?(?<remaining>.*), replacement=/${remaining}} to RewritePath
2026-08-27T17:40:05.919-03:00 DEBUG 21918 --- [apigateway] [DiscoveryClient-CacheRefreshExecutor-%d] o.s.c.g.r.RouteDefinitionRouteLocator    : RouteDefinition matched: ReactiveCompositeDiscoveryClient_CONVERSAO-ATIVA
2026-08-27T17:40:05.920-03:00 DEBUG 21918 --- [apigateway] [DiscoveryClient-CacheRefreshExecutor-%d] o.s.c.g.r.RouteDefinitionRouteLocator    : RouteDefinition ReactiveCompositeDiscoveryClient_APIGATEWAY applying {pattern=/APIGATEWAY/**} to Path
2026-08-27T17:40:05.922-03:00 DEBUG 21918 --- [apigateway] [DiscoveryClient-CacheRefreshExecutor-%d] o.s.c.g.r.RouteDefinitionRouteLocator    : RouteDefinition ReactiveCompositeDiscoveryClient_APIGATEWAY applying filter {regexp=/APIGATEWAY/?(?<remaining>.*), replacement=/${remaining}} to RewritePath
2026-08-27T17:40:05.924-03:00 DEBUG 21918 --- [apigateway] [DiscoveryClient-CacheRefreshExecutor-%d] o.s.c.g.r.RouteDefinitionRouteLocator    : RouteDefinition matched: ReactiveCompositeDiscoveryClient_APIGATEWAY
2026-08-27T17:40:05.927-03:00 DEBUG 21918 --- [apigateway] [DiscoveryClient-CacheRefreshExecutor-%d] o.s.c.g.filter.GatewayMetricsFilter      : New routes count: 3
2026-08-27T17:40:35.938-03:00 DEBUG 21918 --- [apigateway] [DiscoveryClient-CacheRefreshExecutor-%d] o.s.c.g.r.RouteDefinitionRouteLocator    : RouteDefinition ReactiveCompositeDiscoveryClient_CONVERSAO-CORRENTE applying {pattern=/CONVERSAO-CORRENTE/**} to Path
2026-08-27T17:40:35.941-03:00 DEBUG 21918 --- [apigateway] [DiscoveryClient-CacheRefreshExecutor-%d] o.s.c.g.r.RouteDefinitionRouteLocator    : RouteDefinition ReactiveCompositeDiscoveryClient_CONVERSAO-CORRENTE applying filter {regexp=/CONVERSAO-CORRENTE/?(?<remaining>.*), replacement=/${remaining}} to RewritePath
2026-08-27T17:40:35.943-03:00 DEBUG 21918 --- [apigateway] [DiscoveryClient-CacheRefreshExecutor-%d] o.s.c.g.r.RouteDefinitionRouteLocator    : RouteDefinition matched: ReactiveCompositeDiscoveryClient_CONVERSAO-CORRENTE
2026-08-27T17:40:35.943-03:00 DEBUG 21918 --- [apigateway] [DiscoveryClient-CacheRefreshExecutor-%d] o.s.c.g.r.RouteDefinitionRouteLocator    : RouteDefinition ReactiveCompositeDiscoveryClient_CONVERSAO-ATIVA applying {pattern=/CONVERSAO-ATIVA/**} to Path
2026-08-27T17:40:35.945-03:00 DEBUG 21918 --- [apigateway] [DiscoveryClient-CacheRefreshExecutor-%d] o.s.c.g.r.RouteDefinitionRouteLocator    : RouteDefinition ReactiveCompositeDiscoveryClient_CONVERSAO-ATIVA applying filter {regexp=/CONVERSAO-ATIVA/?(?<remaining>.*), replacement=/${remaining}} to RewritePath
2026-08-27T17:40:35.947-03:00 DEBUG 21918 --- [apigateway] [DiscoveryClient-CacheRefreshExecutor-%d] o.s.c.g.r.RouteDefinitionRouteLocator    : RouteDefinition matched: ReactiveCompositeDiscoveryClient_CONVERSAO-ATIVA
2026-08-27T17:40:35.948-03:00 DEBUG 21918 --- [apigateway] [DiscoveryClient-CacheRefreshExecutor-%d] o.s.c.g.r.RouteDefinitionRouteLocator    : RouteDefinition ReactiveCompositeDiscoveryClient_APIGATEWAY applying {pattern=/APIGATEWAY/**} to Path
2026-08-27T17:40:35.950-03:00 DEBUG 21918 --- [apigateway] [DiscoveryClient-CacheRefreshExecutor-%d] o.s.c.g.r.RouteDefinitionRouteLocator    : RouteDefinition ReactiveCompositeDiscoveryClient_APIGATEWAY applying filter {regexp=/APIGATEWAY/?(?<remaining>.*), replacement=/${remaining}} to RewritePath
2026-08-27T17:40:35.952-03:00 DEBUG 21918 --- [apigateway] [DiscoveryClient-CacheRefreshExecutor-%d] o.s.c.g.r.RouteDefinitionRouteLocator    : RouteDefinition matched: ReactiveCompositeDiscoveryClient_APIGATEWAY
2026-08-27T17:40:35.955-03:00 DEBUG 21918 --- [apigateway] [DiscoveryClient-CacheRefreshExecutor-%d] o.s.c.g.filter.GatewayMetricsFilter      : New routes count: 3
2026-08-27T17:41:05.329-03:00  INFO 21918 --- [apigateway] [AsyncResolver-bootstrap-executor-%d] c.n.d.s.r.aws.ConfigClusterResolver      : Resolving eureka endpoints via configuration
2026-08-27T17:41:05.966-03:00 DEBUG 21918 --- [apigateway] [DiscoveryClient-CacheRefreshExecutor-%d] o.s.c.g.r.RouteDefinitionRouteLocator    : RouteDefinition ReactiveCompositeDiscoveryClient_CONVERSAO-CORRENTE applying {pattern=/CONVERSAO-CORRENTE/**} to Path
2026-08-27T17:41:05.969-03:00 DEBUG 21918 --- [apigateway] [DiscoveryClient-CacheRefreshExecutor-%d] o.s.c.g.r.RouteDefinitionRouteLocator    : RouteDefinition ReactiveCompositeDiscoveryClient_CONVERSAO-CORRENTE applying filter {regexp=/CONVERSAO-CORRENTE/?(?<remaining>.*), replacement=/${remaining}} to RewritePath
2026-08-27T17:41:05.970-03:00 DEBUG 21918 --- [apigateway] [DiscoveryClient-CacheRefreshExecutor-%d] o.s.c.g.r.RouteDefinitionRouteLocator    : RouteDefinition matched: ReactiveCompositeDiscoveryClient_CONVERSAO-CORRENTE
2026-08-27T17:41:05.971-03:00 DEBUG 21918 --- [apigateway] [DiscoveryClient-CacheRefreshExecutor-%d] o.s.c.g.r.RouteDefinitionRouteLocator    : RouteDefinition ReactiveCompositeDiscoveryClient_CONVERSAO-ATIVA applying {pattern=/CONVERSAO-ATIVA/**} to Path
2026-08-27T17:41:05.973-03:00 DEBUG 21918 --- [apigateway] [DiscoveryClient-CacheRefreshExecutor-%d] o.s.c.g.r.RouteDefinitionRouteLocator    : RouteDefinition ReactiveCompositeDiscoveryClient_CONVERSAO-ATIVA applying filter {regexp=/CONVERSAO-ATIVA/?(?<remaining>.*), replacement=/${remaining}} to RewritePath
2026-08-27T17:41:05.975-03:00 DEBUG 21918 --- [apigateway] [DiscoveryClient-CacheRefreshExecutor-%d] o.s.c.g.r.RouteDefinitionRouteLocator    : RouteDefinition matched: ReactiveCompositeDiscoveryClient_CONVERSAO-ATIVA
2026-08-27T17:41:05.976-03:00 DEBUG 21918 --- [apigateway] [DiscoveryClient-CacheRefreshExecutor-%d] o.s.c.g.r.RouteDefinitionRouteLocator    : RouteDefinition ReactiveCompositeDiscoveryClient_APIGATEWAY applying {pattern=/APIGATEWAY/**} to Path
2026-08-27T17:41:05.978-03:00 DEBUG 21918 --- [apigateway] [DiscoveryClient-CacheRefreshExecutor-%d] o.s.c.g.r.RouteDefinitionRouteLocator    : RouteDefinition ReactiveCompositeDiscoveryClient_APIGATEWAY applying filter {regexp=/APIGATEWAY/?(?<remaining>.*), replacement=/${remaining}} to RewritePath
2026-08-27T17:41:05.979-03:00 DEBUG 21918 --- [apigateway] [DiscoveryClient-CacheRefreshExecutor-%d] o.s.c.g.r.RouteDefinitionRouteLocator    : RouteDefinition matched: ReactiveCompositeDiscoveryClient_APIGATEWAY
2026-08-27T17:41:05.982-03:00 DEBUG 21918 --- [apigateway] [DiscoveryClient-CacheRefreshExecutor-%d] o.s.c.g.filter.GatewayMetricsFilter      : New routes count: 3
2026-08-27T17:41:35.993-03:00 DEBUG 21918 --- [apigateway] [DiscoveryClient-CacheRefreshExecutor-%d] o.s.c.g.r.RouteDefinitionRouteLocator    : RouteDefinition ReactiveCompositeDiscoveryClient_CONVERSAO-CORRENTE applying {pattern=/CONVERSAO-CORRENTE/**} to Path
2026-08-27T17:41:35.996-03:00 DEBUG 21918 --- [apigateway] [DiscoveryClient-CacheRefreshExecutor-%d] o.s.c.g.r.RouteDefinitionRouteLocator    : RouteDefinition ReactiveCompositeDiscoveryClient_CONVERSAO-CORRENTE applying filter {regexp=/CONVERSAO-CORRENTE/?(?<remaining>.*), replacement=/${remaining}} to RewritePath
2026-08-27T17:41:35.998-03:00 DEBUG 21918 --- [apigateway] [DiscoveryClient-CacheRefreshExecutor-%d] o.s.c.g.r.RouteDefinitionRouteLocator    : RouteDefinition matched: ReactiveCompositeDiscoveryClient_CONVERSAO-CORRENTE
2026-08-27T17:41:35.998-03:00 DEBUG 21918 --- [apigateway] [DiscoveryClient-CacheRefreshExecutor-%d] o.s.c.g.r.RouteDefinitionRouteLocator    : RouteDefinition ReactiveCompositeDiscoveryClient_CONVERSAO-ATIVA applying {pattern=/CONVERSAO-ATIVA/**} to Path
2026-08-27T17:41:36.000-03:00 DEBUG 21918 --- [apigateway] [DiscoveryClient-CacheRefreshExecutor-%d] o.s.c.g.r.RouteDefinitionRouteLocator    : RouteDefinition ReactiveCompositeDiscoveryClient_CONVERSAO-ATIVA applying filter {regexp=/CONVERSAO-ATIVA/?(?<remaining>.*), replacement=/${remaining}} to RewritePath
2026-08-27T17:41:36.002-03:00 DEBUG 21918 --- [apigateway] [DiscoveryClient-CacheRefreshExecutor-%d] o.s.c.g.r.RouteDefinitionRouteLocator    : RouteDefinition matched: ReactiveCompositeDiscoveryClient_CONVERSAO-ATIVA
2026-08-27T17:41:36.003-03:00 DEBUG 21918 --- [apigateway] [DiscoveryClient-CacheRefreshExecutor-%d] o.s.c.g.r.RouteDefinitionRouteLocator    : RouteDefinition ReactiveCompositeDiscoveryClient_APIGATEWAY applying {pattern=/APIGATEWAY/**} to Path
2026-08-27T17:41:36.005-03:00 DEBUG 21918 --- [apigateway] [DiscoveryClient-CacheRefreshExecutor-%d] o.s.c.g.r.RouteDefinitionRouteLocator    : RouteDefinition ReactiveCompositeDiscoveryClient_APIGATEWAY applying filter {regexp=/APIGATEWAY/?(?<remaining>.*), replacement=/${remaining}} to RewritePath
2026-08-27T17:41:36.006-03:00 DEBUG 21918 --- [apigateway] [DiscoveryClient-CacheRefreshExecutor-%d] o.s.c.g.r.RouteDefinitionRouteLocator    : RouteDefinition matched: ReactiveCompositeDiscoveryClient_APIGATEWAY
2026-08-27T17:41:36.009-03:00 DEBUG 21918 --- [apigateway] [DiscoveryClient-CacheRefreshExecutor-%d] o.s.c.g.filter.GatewayMetricsFilter      : New routes count: 3
2026-08-27T17:42:06.017-03:00 DEBUG 21918 --- [apigateway] [DiscoveryClient-CacheRefreshExecutor-%d] o.s.c.g.r.RouteDefinitionRouteLocator    : RouteDefinition ReactiveCompositeDiscoveryClient_CONVERSAO-CORRENTE applying {pattern=/CONVERSAO-CORRENTE/**} to Path
2026-08-27T17:42:06.019-03:00 DEBUG 21918 --- [apigateway] [DiscoveryClient-CacheRefreshExecutor-%d] o.s.c.g.r.RouteDefinitionRouteLocator    : RouteDefinition ReactiveCompositeDiscoveryClient_CONVERSAO-CORRENTE applying filter {regexp=/CONVERSAO-CORRENTE/?(?<remaining>.*), replacement=/${remaining}} to RewritePath
2026-08-27T17:42:06.020-03:00 DEBUG 21918 --- [apigateway] [DiscoveryClient-CacheRefreshExecutor-%d] o.s.c.g.r.RouteDefinitionRouteLocator    : RouteDefinition matched: ReactiveCompositeDiscoveryClient_CONVERSAO-CORRENTE
2026-08-27T17:42:06.021-03:00 DEBUG 21918 --- [apigateway] [DiscoveryClient-CacheRefreshExecutor-%d] o.s.c.g.r.RouteDefinitionRouteLocator    : RouteDefinition ReactiveCompositeDiscoveryClient_CONVERSAO-ATIVA applying {pattern=/CONVERSAO-ATIVA/**} to Path
2026-08-27T17:42:06.022-03:00 DEBUG 21918 --- [apigateway] [DiscoveryClient-CacheRefreshExecutor-%d] o.s.c.g.r.RouteDefinitionRouteLocator    : RouteDefinition ReactiveCompositeDiscoveryClient_CONVERSAO-ATIVA applying filter {regexp=/CONVERSAO-ATIVA/?(?<remaining>.*), replacement=/${remaining}} to RewritePath
2026-08-27T17:42:06.023-03:00 DEBUG 21918 --- [apigateway] [DiscoveryClient-CacheRefreshExecutor-%d] o.s.c.g.r.RouteDefinitionRouteLocator    : RouteDefinition matched: ReactiveCompositeDiscoveryClient_CONVERSAO-ATIVA
2026-08-27T17:42:06.023-03:00 DEBUG 21918 --- [apigateway] [DiscoveryClient-CacheRefreshExecutor-%d] o.s.c.g.r.RouteDefinitionRouteLocator    : RouteDefinition ReactiveCompositeDiscoveryClient_APIGATEWAY applying {pattern=/APIGATEWAY/**} to Path
2026-08-27T17:42:06.024-03:00 DEBUG 21918 --- [apigateway] [DiscoveryClient-CacheRefreshExecutor-%d] o.s.c.g.r.RouteDefinitionRouteLocator    : RouteDefinition ReactiveCompositeDiscoveryClient_APIGATEWAY applying filter {regexp=/APIGATEWAY/?(?<remaining>.*), replacement=/${remaining}} to RewritePath
2026-08-27T17:42:06.025-03:00 DEBUG 21918 --- [apigateway] [DiscoveryClient-CacheRefreshExecutor-%d] o.s.c.g.r.RouteDefinitionRouteLocator    : RouteDefinition matched: ReactiveCompositeDiscoveryClient_APIGATEWAY
2026-08-27T17:42:06.027-03:00 DEBUG 21918 --- [apigateway] [DiscoveryClient-CacheRefreshExecutor-%d] o.s.c.g.filter.GatewayMetricsFilter      : New routes count: 3
2026-08-27T17:42:36.035-03:00 DEBUG 21918 --- [apigateway] [DiscoveryClient-CacheRefreshExecutor-%d] o.s.c.g.r.RouteDefinitionRouteLocator    : RouteDefinition ReactiveCompositeDiscoveryClient_CONVERSAO-CORRENTE applying {pattern=/CONVERSAO-CORRENTE/**} to Path
2026-08-27T17:42:36.037-03:00 DEBUG 21918 --- [apigateway] [DiscoveryClient-CacheRefreshExecutor-%d] o.s.c.g.r.RouteDefinitionRouteLocator    : RouteDefinition ReactiveCompositeDiscoveryClient_CONVERSAO-CORRENTE applying filter {regexp=/CONVERSAO-CORRENTE/?(?<remaining>.*), replacement=/${remaining}} to RewritePath
2026-08-27T17:42:36.038-03:00 DEBUG 21918 --- [apigateway] [DiscoveryClient-CacheRefreshExecutor-%d] o.s.c.g.r.RouteDefinitionRouteLocator    : RouteDefinition matched: ReactiveCompositeDiscoveryClient_CONVERSAO-CORRENTE
2026-08-27T17:42:36.038-03:00 DEBUG 21918 --- [apigateway] [DiscoveryClient-CacheRefreshExecutor-%d] o.s.c.g.r.RouteDefinitionRouteLocator    : RouteDefinition ReactiveCompositeDiscoveryClient_CONVERSAO-ATIVA applying {pattern=/CONVERSAO-ATIVA/**} to Path
2026-08-27T17:42:36.039-03:00 DEBUG 21918 --- [apigateway] [DiscoveryClient-CacheRefreshExecutor-%d] o.s.c.g.r.RouteDefinitionRouteLocator    : RouteDefinition ReactiveCompositeDiscoveryClient_CONVERSAO-ATIVA applying filter {regexp=/CONVERSAO-ATIVA/?(?<remaining>.*), replacement=/${remaining}} to RewritePath
2026-08-27T17:42:36.040-03:00 DEBUG 21918 --- [apigateway] [DiscoveryClient-CacheRefreshExecutor-%d] o.s.c.g.r.RouteDefinitionRouteLocator    : RouteDefinition matched: ReactiveCompositeDiscoveryClient_CONVERSAO-ATIVA
2026-08-27T17:42:36.040-03:00 DEBUG 21918 --- [apigateway] [DiscoveryClient-CacheRefreshExecutor-%d] o.s.c.g.r.RouteDefinitionRouteLocator    : RouteDefinition ReactiveCompositeDiscoveryClient_APIGATEWAY applying {pattern=/APIGATEWAY/**} to Path
2026-08-27T17:42:36.041-03:00 DEBUG 21918 --- [apigateway] [DiscoveryClient-CacheRefreshExecutor-%d] o.s.c.g.r.RouteDefinitionRouteLocator    : RouteDefinition ReactiveCompositeDiscoveryClient_APIGATEWAY applying filter {regexp=/APIGATEWAY/?(?<remaining>.*), replacement=/${remaining}} to RewritePath
2026-08-27T17:42:36.042-03:00 DEBUG 21918 --- [apigateway] [DiscoveryClient-CacheRefreshExecutor-%d] o.s.c.g.r.RouteDefinitionRouteLocator    : RouteDefinition matched: ReactiveCompositeDiscoveryClient_APIGATEWAY
2026-08-27T17:42:36.043-03:00 DEBUG 21918 --- [apigateway] [DiscoveryClient-CacheRefreshExecutor-%d] o.s.c.g.filter.GatewayMetricsFilter      : New routes count: 3
2026-08-27T17:43:06.053-03:00 DEBUG 21918 --- [apigateway] [DiscoveryClient-CacheRefreshExecutor-%d] o.s.c.g.r.RouteDefinitionRouteLocator    : RouteDefinition ReactiveCompositeDiscoveryClient_CONVERSAO-CORRENTE applying {pattern=/CONVERSAO-CORRENTE/**} to Path
2026-08-27T17:43:06.054-03:00 DEBUG 21918 --- [apigateway] [DiscoveryClient-CacheRefreshExecutor-%d] o.s.c.g.r.RouteDefinitionRouteLocator    : RouteDefinition ReactiveCompositeDiscoveryClient_CONVERSAO-CORRENTE applying filter {regexp=/CONVERSAO-CORRENTE/?(?<remaining>.*), replacement=/${remaining}} to RewritePath
2026-08-27T17:43:06.055-03:00 DEBUG 21918 --- [apigateway] [DiscoveryClient-CacheRefreshExecutor-%d] o.s.c.g.r.RouteDefinitionRouteLocator    : RouteDefinition matched: ReactiveCompositeDiscoveryClient_CONVERSAO-CORRENTE
2026-08-27T17:43:06.056-03:00 DEBUG 21918 --- [apigateway] [DiscoveryClient-CacheRefreshExecutor-%d] o.s.c.g.r.RouteDefinitionRouteLocator    : RouteDefinition ReactiveCompositeDiscoveryClient_CONVERSAO-ATIVA applying {pattern=/CONVERSAO-ATIVA/**} to Path
2026-08-27T17:43:06.057-03:00 DEBUG 21918 --- [apigateway] [DiscoveryClient-CacheRefreshExecutor-%d] o.s.c.g.r.RouteDefinitionRouteLocator    : RouteDefinition ReactiveCompositeDiscoveryClient_CONVERSAO-ATIVA applying filter {regexp=/CONVERSAO-ATIVA/?(?<remaining>.*), replacement=/${remaining}} to RewritePath
2026-08-27T17:43:06.057-03:00 DEBUG 21918 --- [apigateway] [DiscoveryClient-CacheRefreshExecutor-%d] o.s.c.g.r.RouteDefinitionRouteLocator    : RouteDefinition matched: ReactiveCompositeDiscoveryClient_CONVERSAO-ATIVA
2026-08-27T17:43:06.058-03:00 DEBUG 21918 --- [apigateway] [DiscoveryClient-CacheRefreshExecutor-%d] o.s.c.g.r.RouteDefinitionRouteLocator    : RouteDefinition ReactiveCompositeDiscoveryClient_APIGATEWAY applying {pattern=/APIGATEWAY/**} to Path
2026-08-27T17:43:06.059-03:00 DEBUG 21918 --- [apigateway] [DiscoveryClient-CacheRefreshExecutor-%d] o.s.c.g.r.RouteDefinitionRouteLocator    : RouteDefinition ReactiveCompositeDiscoveryClient_APIGATEWAY applying filter {regexp=/APIGATEWAY/?(?<remaining>.*), replacement=/${remaining}} to RewritePath
2026-08-27T17:43:06.060-03:00 DEBUG 21918 --- [apigateway] [DiscoveryClient-CacheRefreshExecutor-%d] o.s.c.g.r.RouteDefinitionRouteLocator    : RouteDefinition matched: ReactiveCompositeDiscoveryClient_APIGATEWAY
2026-08-27T17:43:06.061-03:00 DEBUG 21918 --- [apigateway] [DiscoveryClient-CacheRefreshExecutor-%d] o.s.c.g.filter.GatewayMetricsFilter      : New routes count: 3
2026-08-27T17:43:36.069-03:00 DEBUG 21918 --- [apigateway] [DiscoveryClient-CacheRefreshExecutor-%d] o.s.c.g.r.RouteDefinitionRouteLocator    : RouteDefinition ReactiveCompositeDiscoveryClient_CONVERSAO-CORRENTE applying {pattern=/CONVERSAO-CORRENTE/**} to Path
2026-08-27T17:43:36.072-03:00 DEBUG 21918 --- [apigateway] [DiscoveryClient-CacheRefreshExecutor-%d] o.s.c.g.r.RouteDefinitionRouteLocator    : RouteDefinition ReactiveCompositeDiscoveryClient_CONVERSAO-CORRENTE applying filter {regexp=/CONVERSAO-CORRENTE/?(?<remaining>.*), replacement=/${remaining}} to RewritePath
2026-08-27T17:43:36.074-03:00 DEBUG 21918 --- [apigateway] [DiscoveryClient-CacheRefreshExecutor-%d] o.s.c.g.r.RouteDefinitionRouteLocator    : RouteDefinition matched: ReactiveCompositeDiscoveryClient_CONVERSAO-CORRENTE
2026-08-27T17:43:36.075-03:00 DEBUG 21918 --- [apigateway] [DiscoveryClient-CacheRefreshExecutor-%d] o.s.c.g.r.RouteDefinitionRouteLocator    : RouteDefinition ReactiveCompositeDiscoveryClient_CONVERSAO-ATIVA applying {pattern=/CONVERSAO-ATIVA/**} to Path
2026-08-27T17:43:36.076-03:00 DEBUG 21918 --- [apigateway] [DiscoveryClient-CacheRefreshExecutor-%d] o.s.c.g.r.RouteDefinitionRouteLocator    : RouteDefinition ReactiveCompositeDiscoveryClient_CONVERSAO-ATIVA applying filter {regexp=/CONVERSAO-ATIVA/?(?<remaining>.*), replacement=/${remaining}} to RewritePath
2026-08-27T17:43:36.078-03:00 DEBUG 21918 --- [apigateway] [DiscoveryClient-CacheRefreshExecutor-%d] o.s.c.g.r.RouteDefinitionRouteLocator    : RouteDefinition matched: ReactiveCompositeDiscoveryClient_CONVERSAO-ATIVA
2026-08-27T17:43:36.078-03:00 DEBUG 21918 --- [apigateway] [DiscoveryClient-CacheRefreshExecutor-%d] o.s.c.g.r.RouteDefinitionRouteLocator    : RouteDefinition ReactiveCompositeDiscoveryClient_APIGATEWAY applying {pattern=/APIGATEWAY/**} to Path
2026-08-27T17:43:36.080-03:00 DEBUG 21918 --- [apigateway] [DiscoveryClient-CacheRefreshExecutor-%d] o.s.c.g.r.RouteDefinitionRouteLocator    : RouteDefinition ReactiveCompositeDiscoveryClient_APIGATEWAY applying filter {regexp=/APIGATEWAY/?(?<remaining>.*), replacement=/${remaining}} to RewritePath
2026-08-27T17:43:36.081-03:00 DEBUG 21918 --- [apigateway] [DiscoveryClient-CacheRefreshExecutor-%d] o.s.c.g.r.RouteDefinitionRouteLocator    : RouteDefinition matched: ReactiveCompositeDiscoveryClient_APIGATEWAY
2026-08-27T17:43:36.084-03:00 DEBUG 21918 --- [apigateway] [DiscoveryClient-CacheRefreshExecutor-%d] o.s.c.g.filter.GatewayMetricsFilter      : New routes count: 3
2026-08-27T17:44:06.095-03:00 DEBUG 21918 --- [apigateway] [DiscoveryClient-CacheRefreshExecutor-%d] o.s.c.g.r.RouteDefinitionRouteLocator    : RouteDefinition ReactiveCompositeDiscoveryClient_CONVERSAO-CORRENTE applying {pattern=/CONVERSAO-CORRENTE/**} to Path
2026-08-27T17:44:06.097-03:00 DEBUG 21918 --- [apigateway] [DiscoveryClient-CacheRefreshExecutor-%d] o.s.c.g.r.RouteDefinitionRouteLocator    : RouteDefinition ReactiveCompositeDiscoveryClient_CONVERSAO-CORRENTE applying filter {regexp=/CONVERSAO-CORRENTE/?(?<remaining>.*), replacement=/${remaining}} to RewritePath
2026-08-27T17:44:06.099-03:00 DEBUG 21918 --- [apigateway] [DiscoveryClient-CacheRefreshExecutor-%d] o.s.c.g.r.RouteDefinitionRouteLocator    : RouteDefinition matched: ReactiveCompositeDiscoveryClient_CONVERSAO-CORRENTE
2026-08-27T17:44:06.100-03:00 DEBUG 21918 --- [apigateway] [DiscoveryClient-CacheRefreshExecutor-%d] o.s.c.g.r.RouteDefinitionRouteLocator    : RouteDefinition ReactiveCompositeDiscoveryClient_CONVERSAO-ATIVA applying {pattern=/CONVERSAO-ATIVA/**} to Path
2026-08-27T17:44:06.101-03:00 DEBUG 21918 --- [apigateway] [DiscoveryClient-CacheRefreshExecutor-%d] o.s.c.g.r.RouteDefinitionRouteLocator    : RouteDefinition ReactiveCompositeDiscoveryClient_CONVERSAO-ATIVA applying filter {regexp=/CONVERSAO-ATIVA/?(?<remaining>.*), replacement=/${remaining}} to RewritePath
2026-08-27T17:44:06.101-03:00 DEBUG 21918 --- [apigateway] [DiscoveryClient-CacheRefreshExecutor-%d] o.s.c.g.r.RouteDefinitionRouteLocator    : RouteDefinition matched: ReactiveCompositeDiscoveryClient_CONVERSAO-ATIVA
2026-08-27T17:44:06.102-03:00 DEBUG 21918 --- [apigateway] [DiscoveryClient-CacheRefreshExecutor-%d] o.s.c.g.r.RouteDefinitionRouteLocator    : RouteDefinition ReactiveCompositeDiscoveryClient_APIGATEWAY applying {pattern=/APIGATEWAY/**} to Path
2026-08-27T17:44:06.103-03:00 DEBUG 21918 --- [apigateway] [DiscoveryClient-CacheRefreshExecutor-%d] o.s.c.g.r.RouteDefinitionRouteLocator    : RouteDefinition ReactiveCompositeDiscoveryClient_APIGATEWAY applying filter {regexp=/APIGATEWAY/?(?<remaining>.*), replacement=/${remaining}} to RewritePath
2026-08-27T17:44:06.104-03:00 DEBUG 21918 --- [apigateway] [DiscoveryClient-CacheRefreshExecutor-%d] o.s.c.g.r.RouteDefinitionRouteLocator    : RouteDefinition matched: ReactiveCompositeDiscoveryClient_APIGATEWAY
2026-08-27T17:44:06.105-03:00 DEBUG 21918 --- [apigateway] [DiscoveryClient-CacheRefreshExecutor-%d] o.s.c.g.filter.GatewayMetricsFilter      : New routes count: 3
2026-08-27T17:44:36.116-03:00 DEBUG 21918 --- [apigateway] [DiscoveryClient-CacheRefreshExecutor-%d] o.s.c.g.r.RouteDefinitionRouteLocator    : RouteDefinition ReactiveCompositeDiscoveryClient_CONVERSAO-CORRENTE applying {pattern=/CONVERSAO-CORRENTE/**} to Path
2026-08-27T17:44:36.119-03:00 DEBUG 21918 --- [apigateway] [DiscoveryClient-CacheRefreshExecutor-%d] o.s.c.g.r.RouteDefinitionRouteLocator    : RouteDefinition ReactiveCompositeDiscoveryClient_CONVERSAO-CORRENTE applying filter {regexp=/CONVERSAO-CORRENTE/?(?<remaining>.*), replacement=/${remaining}} to RewritePath
2026-08-27T17:44:36.121-03:00 DEBUG 21918 --- [apigateway] [DiscoveryClient-CacheRefreshExecutor-%d] o.s.c.g.r.RouteDefinitionRouteLocator    : RouteDefinition matched: ReactiveCompositeDiscoveryClient_CONVERSAO-CORRENTE
2026-08-27T17:44:36.121-03:00 DEBUG 21918 --- [apigateway] [DiscoveryClient-CacheRefreshExecutor-%d] o.s.c.g.r.RouteDefinitionRouteLocator    : RouteDefinition ReactiveCompositeDiscoveryClient_CONVERSAO-ATIVA applying {pattern=/CONVERSAO-ATIVA/**} to Path
2026-08-27T17:44:36.123-03:00 DEBUG 21918 --- [apigateway] [DiscoveryClient-CacheRefreshExecutor-%d] o.s.c.g.r.RouteDefinitionRouteLocator    : RouteDefinition ReactiveCompositeDiscoveryClient_CONVERSAO-ATIVA applying filter {regexp=/CONVERSAO-ATIVA/?(?<remaining>.*), replacement=/${remaining}} to RewritePath
2026-08-27T17:44:36.125-03:00 DEBUG 21918 --- [apigateway] [DiscoveryClient-CacheRefreshExecutor-%d] o.s.c.g.r.RouteDefinitionRouteLocator    : RouteDefinition matched: ReactiveCompositeDiscoveryClient_CONVERSAO-ATIVA
2026-08-27T17:44:36.125-03:00 DEBUG 21918 --- [apigateway] [DiscoveryClient-CacheRefreshExecutor-%d] o.s.c.g.r.RouteDefinitionRouteLocator    : RouteDefinition ReactiveCompositeDiscoveryClient_APIGATEWAY applying {pattern=/APIGATEWAY/**} to Path
2026-08-27T17:44:36.127-03:00 DEBUG 21918 --- [apigateway] [DiscoveryClient-CacheRefreshExecutor-%d] o.s.c.g.r.RouteDefinitionRouteLocator    : RouteDefinition ReactiveCompositeDiscoveryClient_APIGATEWAY applying filter {regexp=/APIGATEWAY/?(?<remaining>.*), replacement=/${remaining}} to RewritePath
2026-08-27T17:44:36.129-03:00 DEBUG 21918 --- [apigateway] [DiscoveryClient-CacheRefreshExecutor-%d] o.s.c.g.r.RouteDefinitionRouteLocator    : RouteDefinition matched: ReactiveCompositeDiscoveryClient_APIGATEWAY
2026-08-27T17:44:36.131-03:00 DEBUG 21918 --- [apigateway] [DiscoveryClient-CacheRefreshExecutor-%d] o.s.c.g.filter.GatewayMetricsFilter      : New routes count: 3
2026-08-27T17:45:06.139-03:00 DEBUG 21918 --- [apigateway] [DiscoveryClient-CacheRefreshExecutor-%d] o.s.c.g.r.RouteDefinitionRouteLocator    : RouteDefinition ReactiveCompositeDiscoveryClient_CONVERSAO-CORRENTE applying {pattern=/CONVERSAO-CORRENTE/**} to Path
2026-08-27T17:45:06.142-03:00 DEBUG 21918 --- [apigateway] [DiscoveryClient-CacheRefreshExecutor-%d] o.s.c.g.r.RouteDefinitionRouteLocator    : RouteDefinition ReactiveCompositeDiscoveryClient_CONVERSAO-CORRENTE applying filter {regexp=/CONVERSAO-CORRENTE/?(?<remaining>.*), replacement=/${remaining}} to RewritePath
2026-08-27T17:45:06.143-03:00 DEBUG 21918 --- [apigateway] [DiscoveryClient-CacheRefreshExecutor-%d] o.s.c.g.r.RouteDefinitionRouteLocator    : RouteDefinition matched: ReactiveCompositeDiscoveryClient_CONVERSAO-CORRENTE
2026-08-27T17:45:06.144-03:00 DEBUG 21918 --- [apigateway] [DiscoveryClient-CacheRefreshExecutor-%d] o.s.c.g.r.RouteDefinitionRouteLocator    : RouteDefinition ReactiveCompositeDiscoveryClient_CONVERSAO-ATIVA applying {pattern=/CONVERSAO-ATIVA/**} to Path
2026-08-27T17:45:06.146-03:00 DEBUG 21918 --- [apigateway] [DiscoveryClient-CacheRefreshExecutor-%d] o.s.c.g.r.RouteDefinitionRouteLocator    : RouteDefinition ReactiveCompositeDiscoveryClient_CONVERSAO-ATIVA applying filter {regexp=/CONVERSAO-ATIVA/?(?<remaining>.*), replacement=/${remaining}} to RewritePath
2026-08-27T17:45:06.147-03:00 DEBUG 21918 --- [apigateway] [DiscoveryClient-CacheRefreshExecutor-%d] o.s.c.g.r.RouteDefinitionRouteLocator    : RouteDefinition matched: ReactiveCompositeDiscoveryClient_CONVERSAO-ATIVA
2026-08-27T17:45:06.148-03:00 DEBUG 21918 --- [apigateway] [DiscoveryClient-CacheRefreshExecutor-%d] o.s.c.g.r.RouteDefinitionRouteLocator    : RouteDefinition ReactiveCompositeDiscoveryClient_APIGATEWAY applying {pattern=/APIGATEWAY/**} to Path
2026-08-27T17:45:06.149-03:00 DEBUG 21918 --- [apigateway] [DiscoveryClient-CacheRefreshExecutor-%d] o.s.c.g.r.RouteDefinitionRouteLocator    : RouteDefinition ReactiveCompositeDiscoveryClient_APIGATEWAY applying filter {regexp=/APIGATEWAY/?(?<remaining>.*), replacement=/${remaining}} to RewritePath
2026-08-27T17:45:06.150-03:00 DEBUG 21918 --- [apigateway] [DiscoveryClient-CacheRefreshExecutor-%d] o.s.c.g.r.RouteDefinitionRouteLocator    : RouteDefinition matched: ReactiveCompositeDiscoveryClient_APIGATEWAY
2026-08-27T17:45:06.151-03:00 DEBUG 21918 --- [apigateway] [DiscoveryClient-CacheRefreshExecutor-%d] o.s.c.g.filter.GatewayMetricsFilter      : New routes count: 3
2026-08-27T17:45:36.160-03:00 DEBUG 21918 --- [apigateway] [DiscoveryClient-CacheRefreshExecutor-%d] o.s.c.g.r.RouteDefinitionRouteLocator    : RouteDefinition ReactiveCompositeDiscoveryClient_CONVERSAO-CORRENTE applying {pattern=/CONVERSAO-CORRENTE/**} to Path
2026-08-27T17:45:36.161-03:00 DEBUG 21918 --- [apigateway] [DiscoveryClient-CacheRefreshExecutor-%d] o.s.c.g.r.RouteDefinitionRouteLocator    : RouteDefinition ReactiveCompositeDiscoveryClient_CONVERSAO-CORRENTE applying filter {regexp=/CONVERSAO-CORRENTE/?(?<remaining>.*), replacement=/${remaining}} to RewritePath
2026-08-27T17:45:36.162-03:00 DEBUG 21918 --- [apigateway] [DiscoveryClient-CacheRefreshExecutor-%d] o.s.c.g.r.RouteDefinitionRouteLocator    : RouteDefinition matched: ReactiveCompositeDiscoveryClient_CONVERSAO-CORRENTE
2026-08-27T17:45:36.162-03:00 DEBUG 21918 --- [apigateway] [DiscoveryClient-CacheRefreshExecutor-%d] o.s.c.g.r.RouteDefinitionRouteLocator    : RouteDefinition ReactiveCompositeDiscoveryClient_CONVERSAO-ATIVA applying {pattern=/CONVERSAO-ATIVA/**} to Path
2026-08-27T17:45:36.163-03:00 DEBUG 21918 --- [apigateway] [DiscoveryClient-CacheRefreshExecutor-%d] o.s.c.g.r.RouteDefinitionRouteLocator    : RouteDefinition ReactiveCompositeDiscoveryClient_CONVERSAO-ATIVA applying filter {regexp=/CONVERSAO-ATIVA/?(?<remaining>.*), replacement=/${remaining}} to RewritePath
2026-08-27T17:45:36.164-03:00 DEBUG 21918 --- [apigateway] [DiscoveryClient-CacheRefreshExecutor-%d] o.s.c.g.r.RouteDefinitionRouteLocator    : RouteDefinition matched: ReactiveCompositeDiscoveryClient_CONVERSAO-ATIVA
2026-08-27T17:45:36.164-03:00 DEBUG 21918 --- [apigateway] [DiscoveryClient-CacheRefreshExecutor-%d] o.s.c.g.r.RouteDefinitionRouteLocator    : RouteDefinition ReactiveCompositeDiscoveryClient_APIGATEWAY applying {pattern=/APIGATEWAY/**} to Path
2026-08-27T17:45:36.165-03:00 DEBUG 21918 --- [apigateway] [DiscoveryClient-CacheRefreshExecutor-%d] o.s.c.g.r.RouteDefinitionRouteLocator    : RouteDefinition ReactiveCompositeDiscoveryClient_APIGATEWAY applying filter {regexp=/APIGATEWAY/?(?<remaining>.*), replacement=/${remaining}} to RewritePath
2026-08-27T17:45:36.166-03:00 DEBUG 21918 --- [apigateway] [DiscoveryClient-CacheRefreshExecutor-%d] o.s.c.g.r.RouteDefinitionRouteLocator    : RouteDefinition matched: ReactiveCompositeDiscoveryClient_APIGATEWAY
2026-08-27T17:45:36.167-03:00 DEBUG 21918 --- [apigateway] [DiscoveryClient-CacheRefreshExecutor-%d] o.s.c.g.filter.GatewayMetricsFilter      : New routes count: 3
2026-08-27T17:46:05.329-03:00  INFO 21918 --- [apigateway] [AsyncResolver-bootstrap-executor-%d] c.n.d.s.r.aws.ConfigClusterResolver      : Resolving eureka endpoints via configuration
2026-08-27T17:46:06.175-03:00 DEBUG 21918 --- [apigateway] [DiscoveryClient-CacheRefreshExecutor-%d] o.s.c.g.r.RouteDefinitionRouteLocator    : RouteDefinition ReactiveCompositeDiscoveryClient_CONVERSAO-CORRENTE applying {pattern=/CONVERSAO-CORRENTE/**} to Path
2026-08-27T17:46:06.177-03:00 DEBUG 21918 --- [apigateway] [DiscoveryClient-CacheRefreshExecutor-%d] o.s.c.g.r.RouteDefinitionRouteLocator    : RouteDefinition ReactiveCompositeDiscoveryClient_CONVERSAO-CORRENTE applying filter {regexp=/CONVERSAO-CORRENTE/?(?<remaining>.*), replacement=/${remaining}} to RewritePath
2026-08-27T17:46:06.179-03:00 DEBUG 21918 --- [apigateway] [DiscoveryClient-CacheRefreshExecutor-%d] o.s.c.g.r.RouteDefinitionRouteLocator    : RouteDefinition matched: ReactiveCompositeDiscoveryClient_CONVERSAO-CORRENTE
2026-08-27T17:46:06.179-03:00 DEBUG 21918 --- [apigateway] [DiscoveryClient-CacheRefreshExecutor-%d] o.s.c.g.r.RouteDefinitionRouteLocator    : RouteDefinition ReactiveCompositeDiscoveryClient_CONVERSAO-ATIVA applying {pattern=/CONVERSAO-ATIVA/**} to Path
2026-08-27T17:46:06.180-03:00 DEBUG 21918 --- [apigateway] [DiscoveryClient-CacheRefreshExecutor-%d] o.s.c.g.r.RouteDefinitionRouteLocator    : RouteDefinition ReactiveCompositeDiscoveryClient_CONVERSAO-ATIVA applying filter {regexp=/CONVERSAO-ATIVA/?(?<remaining>.*), replacement=/${remaining}} to RewritePath
2026-08-27T17:46:06.182-03:00 DEBUG 21918 --- [apigateway] [DiscoveryClient-CacheRefreshExecutor-%d] o.s.c.g.r.RouteDefinitionRouteLocator    : RouteDefinition matched: ReactiveCompositeDiscoveryClient_CONVERSAO-ATIVA
2026-08-27T17:46:06.182-03:00 DEBUG 21918 --- [apigateway] [DiscoveryClient-CacheRefreshExecutor-%d] o.s.c.g.r.RouteDefinitionRouteLocator    : RouteDefinition ReactiveCompositeDiscoveryClient_APIGATEWAY applying {pattern=/APIGATEWAY/**} to Path
2026-08-27T17:46:06.184-03:00 DEBUG 21918 --- [apigateway] [DiscoveryClient-CacheRefreshExecutor-%d] o.s.c.g.r.RouteDefinitionRouteLocator    : RouteDefinition ReactiveCompositeDiscoveryClient_APIGATEWAY applying filter {regexp=/APIGATEWAY/?(?<remaining>.*), replacement=/${remaining}} to RewritePath
2026-08-27T17:46:06.185-03:00 DEBUG 21918 --- [apigateway] [DiscoveryClient-CacheRefreshExecutor-%d] o.s.c.g.r.RouteDefinitionRouteLocator    : RouteDefinition matched: ReactiveCompositeDiscoveryClient_APIGATEWAY
2026-08-27T17:46:06.188-03:00 DEBUG 21918 --- [apigateway] [DiscoveryClient-CacheRefreshExecutor-%d] o.s.c.g.filter.GatewayMetricsFilter      : New routes count: 3
2026-08-27T17:46:36.196-03:00 DEBUG 21918 --- [apigateway] [DiscoveryClient-CacheRefreshExecutor-%d] o.s.c.g.r.RouteDefinitionRouteLocator    : RouteDefinition ReactiveCompositeDiscoveryClient_CONVERSAO-CORRENTE applying {pattern=/CONVERSAO-CORRENTE/**} to Path
2026-08-27T17:46:36.197-03:00 DEBUG 21918 --- [apigateway] [DiscoveryClient-CacheRefreshExecutor-%d] o.s.c.g.r.RouteDefinitionRouteLocator    : RouteDefinition ReactiveCompositeDiscoveryClient_CONVERSAO-CORRENTE applying filter {regexp=/CONVERSAO-CORRENTE/?(?<remaining>.*), replacement=/${remaining}} to RewritePath
2026-08-27T17:46:36.198-03:00 DEBUG 21918 --- [apigateway] [DiscoveryClient-CacheRefreshExecutor-%d] o.s.c.g.r.RouteDefinitionRouteLocator    : RouteDefinition matched: ReactiveCompositeDiscoveryClient_CONVERSAO-CORRENTE
2026-08-27T17:46:36.198-03:00 DEBUG 21918 --- [apigateway] [DiscoveryClient-CacheRefreshExecutor-%d] o.s.c.g.r.RouteDefinitionRouteLocator    : RouteDefinition ReactiveCompositeDiscoveryClient_CONVERSAO-ATIVA applying {pattern=/CONVERSAO-ATIVA/**} to Path
2026-08-27T17:46:36.199-03:00 DEBUG 21918 --- [apigateway] [DiscoveryClient-CacheRefreshExecutor-%d] o.s.c.g.r.RouteDefinitionRouteLocator    : RouteDefinition ReactiveCompositeDiscoveryClient_CONVERSAO-ATIVA applying filter {regexp=/CONVERSAO-ATIVA/?(?<remaining>.*), replacement=/${remaining}} to RewritePath
2026-08-27T17:46:36.200-03:00 DEBUG 21918 --- [apigateway] [DiscoveryClient-CacheRefreshExecutor-%d] o.s.c.g.r.RouteDefinitionRouteLocator    : RouteDefinition matched: ReactiveCompositeDiscoveryClient_CONVERSAO-ATIVA
2026-08-27T17:46:36.200-03:00 DEBUG 21918 --- [apigateway] [DiscoveryClient-CacheRefreshExecutor-%d] o.s.c.g.r.RouteDefinitionRouteLocator    : RouteDefinition ReactiveCompositeDiscoveryClient_APIGATEWAY applying {pattern=/APIGATEWAY/**} to Path
2026-08-27T17:46:36.201-03:00 DEBUG 21918 --- [apigateway] [DiscoveryClient-CacheRefreshExecutor-%d] o.s.c.g.r.RouteDefinitionRouteLocator    : RouteDefinition ReactiveCompositeDiscoveryClient_APIGATEWAY applying filter {regexp=/APIGATEWAY/?(?<remaining>.*), replacement=/${remaining}} to RewritePath
2026-08-27T17:46:36.202-03:00 DEBUG 21918 --- [apigateway] [DiscoveryClient-CacheRefreshExecutor-%d] o.s.c.g.r.RouteDefinitionRouteLocator    : RouteDefinition matched: ReactiveCompositeDiscoveryClient_APIGATEWAY
2026-08-27T17:46:36.203-03:00 DEBUG 21918 --- [apigateway] [DiscoveryClient-CacheRefreshExecutor-%d] o.s.c.g.filter.GatewayMetricsFilter      : New routes count: 3
2026-08-27T17:47:06.211-03:00 DEBUG 21918 --- [apigateway] [DiscoveryClient-CacheRefreshExecutor-%d] o.s.c.g.r.RouteDefinitionRouteLocator    : RouteDefinition ReactiveCompositeDiscoveryClient_CONVERSAO-CORRENTE applying {pattern=/CONVERSAO-CORRENTE/**} to Path
2026-08-27T17:47:06.213-03:00 DEBUG 21918 --- [apigateway] [DiscoveryClient-CacheRefreshExecutor-%d] o.s.c.g.r.RouteDefinitionRouteLocator    : RouteDefinition ReactiveCompositeDiscoveryClient_CONVERSAO-CORRENTE applying filter {regexp=/CONVERSAO-CORRENTE/?(?<remaining>.*), replacement=/${remaining}} to RewritePath
2026-08-27T17:47:06.214-03:00 DEBUG 21918 --- [apigateway] [DiscoveryClient-CacheRefreshExecutor-%d] o.s.c.g.r.RouteDefinitionRouteLocator    : RouteDefinition matched: ReactiveCompositeDiscoveryClient_CONVERSAO-CORRENTE
2026-08-27T17:47:06.214-03:00 DEBUG 21918 --- [apigateway] [DiscoveryClient-CacheRefreshExecutor-%d] o.s.c.g.r.RouteDefinitionRouteLocator    : RouteDefinition ReactiveCompositeDiscoveryClient_CONVERSAO-ATIVA applying {pattern=/CONVERSAO-ATIVA/**} to Path
2026-08-27T17:47:06.215-03:00 DEBUG 21918 --- [apigateway] [DiscoveryClient-CacheRefreshExecutor-%d] o.s.c.g.r.RouteDefinitionRouteLocator    : RouteDefinition ReactiveCompositeDiscoveryClient_CONVERSAO-ATIVA applying filter {regexp=/CONVERSAO-ATIVA/?(?<remaining>.*), replacement=/${remaining}} to RewritePath
2026-08-27T17:47:06.216-03:00 DEBUG 21918 --- [apigateway] [DiscoveryClient-CacheRefreshExecutor-%d] o.s.c.g.r.RouteDefinitionRouteLocator    : RouteDefinition matched: ReactiveCompositeDiscoveryClient_CONVERSAO-ATIVA
2026-08-27T17:47:06.216-03:00 DEBUG 21918 --- [apigateway] [DiscoveryClient-CacheRefreshExecutor-%d] o.s.c.g.r.RouteDefinitionRouteLocator    : RouteDefinition ReactiveCompositeDiscoveryClient_APIGATEWAY applying {pattern=/APIGATEWAY/**} to Path
2026-08-27T17:47:06.217-03:00 DEBUG 21918 --- [apigateway] [DiscoveryClient-CacheRefreshExecutor-%d] o.s.c.g.r.RouteDefinitionRouteLocator    : RouteDefinition ReactiveCompositeDiscoveryClient_APIGATEWAY applying filter {regexp=/APIGATEWAY/?(?<remaining>.*), replacement=/${remaining}} to RewritePath
2026-08-27T17:47:06.217-03:00 DEBUG 21918 --- [apigateway] [DiscoveryClient-CacheRefreshExecutor-%d] o.s.c.g.r.RouteDefinitionRouteLocator    : RouteDefinition matched: ReactiveCompositeDiscoveryClient_APIGATEWAY
2026-08-27T17:47:06.219-03:00 DEBUG 21918 --- [apigateway] [DiscoveryClient-CacheRefreshExecutor-%d] o.s.c.g.filter.GatewayMetricsFilter      : New routes count: 3
2026-08-27T17:47:36.230-03:00 DEBUG 21918 --- [apigateway] [DiscoveryClient-CacheRefreshExecutor-%d] o.s.c.g.r.RouteDefinitionRouteLocator    : RouteDefinition ReactiveCompositeDiscoveryClient_CONVERSAO-CORRENTE applying {pattern=/CONVERSAO-CORRENTE/**} to Path
2026-08-27T17:47:36.232-03:00 DEBUG 21918 --- [apigateway] [DiscoveryClient-CacheRefreshExecutor-%d] o.s.c.g.r.RouteDefinitionRouteLocator    : RouteDefinition ReactiveCompositeDiscoveryClient_CONVERSAO-CORRENTE applying filter {regexp=/CONVERSAO-CORRENTE/?(?<remaining>.*), replacement=/${remaining}} to RewritePath
2026-08-27T17:47:36.233-03:00 DEBUG 21918 --- [apigateway] [DiscoveryClient-CacheRefreshExecutor-%d] o.s.c.g.r.RouteDefinitionRouteLocator    : RouteDefinition matched: ReactiveCompositeDiscoveryClient_CONVERSAO-CORRENTE
2026-08-27T17:47:36.234-03:00 DEBUG 21918 --- [apigateway] [DiscoveryClient-CacheRefreshExecutor-%d] o.s.c.g.r.RouteDefinitionRouteLocator    : RouteDefinition ReactiveCompositeDiscoveryClient_CONVERSAO-ATIVA applying {pattern=/CONVERSAO-ATIVA/**} to Path
2026-08-27T17:47:36.235-03:00 DEBUG 21918 --- [apigateway] [DiscoveryClient-CacheRefreshExecutor-%d] o.s.c.g.r.RouteDefinitionRouteLocator    : RouteDefinition ReactiveCompositeDiscoveryClient_CONVERSAO-ATIVA applying filter {regexp=/CONVERSAO-ATIVA/?(?<remaining>.*), replacement=/${remaining}} to RewritePath
2026-08-27T17:47:36.236-03:00 DEBUG 21918 --- [apigateway] [DiscoveryClient-CacheRefreshExecutor-%d] o.s.c.g.r.RouteDefinitionRouteLocator    : RouteDefinition matched: ReactiveCompositeDiscoveryClient_CONVERSAO-ATIVA
2026-08-27T17:47:36.236-03:00 DEBUG 21918 --- [apigateway] [DiscoveryClient-CacheRefreshExecutor-%d] o.s.c.g.r.RouteDefinitionRouteLocator    : RouteDefinition ReactiveCompositeDiscoveryClient_APIGATEWAY applying {pattern=/APIGATEWAY/**} to Path
2026-08-27T17:47:36.237-03:00 DEBUG 21918 --- [apigateway] [DiscoveryClient-CacheRefreshExecutor-%d] o.s.c.g.r.RouteDefinitionRouteLocator    : RouteDefinition ReactiveCompositeDiscoveryClient_APIGATEWAY applying filter {regexp=/APIGATEWAY/?(?<remaining>.*), replacement=/${remaining}} to RewritePath
2026-08-27T17:47:36.238-03:00 DEBUG 21918 --- [apigateway] [DiscoveryClient-CacheRefreshExecutor-%d] o.s.c.g.r.RouteDefinitionRouteLocator    : RouteDefinition matched: ReactiveCompositeDiscoveryClient_APIGATEWAY
2026-08-27T17:47:36.240-03:00 DEBUG 21918 --- [apigateway] [DiscoveryClient-CacheRefreshExecutor-%d] o.s.c.g.filter.GatewayMetricsFilter      : New routes count: 3
2026-08-27T17:48:06.249-03:00 DEBUG 21918 --- [apigateway] [DiscoveryClient-CacheRefreshExecutor-%d] o.s.c.g.r.RouteDefinitionRouteLocator    : RouteDefinition ReactiveCompositeDiscoveryClient_CONVERSAO-CORRENTE applying {pattern=/CONVERSAO-CORRENTE/**} to Path
2026-08-27T17:48:06.250-03:00 DEBUG 21918 --- [apigateway] [DiscoveryClient-CacheRefreshExecutor-%d] o.s.c.g.r.RouteDefinitionRouteLocator    : RouteDefinition ReactiveCompositeDiscoveryClient_CONVERSAO-CORRENTE applying filter {regexp=/CONVERSAO-CORRENTE/?(?<remaining>.*), replacement=/${remaining}} to RewritePath
2026-08-27T17:48:06.252-03:00 DEBUG 21918 --- [apigateway] [DiscoveryClient-CacheRefreshExecutor-%d] o.s.c.g.r.RouteDefinitionRouteLocator    : RouteDefinition matched: ReactiveCompositeDiscoveryClient_CONVERSAO-CORRENTE
2026-08-27T17:48:06.252-03:00 DEBUG 21918 --- [apigateway] [DiscoveryClient-CacheRefreshExecutor-%d] o.s.c.g.r.RouteDefinitionRouteLocator    : RouteDefinition ReactiveCompositeDiscoveryClient_CONVERSAO-ATIVA applying {pattern=/CONVERSAO-ATIVA/**} to Path
2026-08-27T17:48:06.254-03:00 DEBUG 21918 --- [apigateway] [DiscoveryClient-CacheRefreshExecutor-%d] o.s.c.g.r.RouteDefinitionRouteLocator    : RouteDefinition ReactiveCompositeDiscoveryClient_CONVERSAO-ATIVA applying filter {regexp=/CONVERSAO-ATIVA/?(?<remaining>.*), replacement=/${remaining}} to RewritePath
2026-08-27T17:48:06.255-03:00 DEBUG 21918 --- [apigateway] [DiscoveryClient-CacheRefreshExecutor-%d] o.s.c.g.r.RouteDefinitionRouteLocator    : RouteDefinition matched: ReactiveCompositeDiscoveryClient_CONVERSAO-ATIVA
2026-08-27T17:48:06.256-03:00 DEBUG 21918 --- [apigateway] [DiscoveryClient-CacheRefreshExecutor-%d] o.s.c.g.r.RouteDefinitionRouteLocator    : RouteDefinition ReactiveCompositeDiscoveryClient_APIGATEWAY applying {pattern=/APIGATEWAY/**} to Path
2026-08-27T17:48:06.259-03:00 DEBUG 21918 --- [apigateway] [DiscoveryClient-CacheRefreshExecutor-%d] o.s.c.g.r.RouteDefinitionRouteLocator    : RouteDefinition ReactiveCompositeDiscoveryClient_APIGATEWAY applying filter {regexp=/APIGATEWAY/?(?<remaining>.*), replacement=/${remaining}} to RewritePath
2026-08-27T17:48:06.261-03:00 DEBUG 21918 --- [apigateway] [DiscoveryClient-CacheRefreshExecutor-%d] o.s.c.g.r.RouteDefinitionRouteLocator    : RouteDefinition matched: ReactiveCompositeDiscoveryClient_APIGATEWAY
2026-08-27T17:48:06.263-03:00 DEBUG 21918 --- [apigateway] [DiscoveryClient-CacheRefreshExecutor-%d] o.s.c.g.filter.GatewayMetricsFilter      : New routes count: 3
2026-08-27T17:48:36.273-03:00 DEBUG 21918 --- [apigateway] [DiscoveryClient-CacheRefreshExecutor-%d] o.s.c.g.r.RouteDefinitionRouteLocator    : RouteDefinition ReactiveCompositeDiscoveryClient_CONVERSAO-CORRENTE applying {pattern=/CONVERSAO-CORRENTE/**} to Path
2026-08-27T17:48:36.276-03:00 DEBUG 21918 --- [apigateway] [DiscoveryClient-CacheRefreshExecutor-%d] o.s.c.g.r.RouteDefinitionRouteLocator    : RouteDefinition ReactiveCompositeDiscoveryClient_CONVERSAO-CORRENTE applying filter {regexp=/CONVERSAO-CORRENTE/?(?<remaining>.*), replacement=/${remaining}} to RewritePath
2026-08-27T17:48:36.277-03:00 DEBUG 21918 --- [apigateway] [DiscoveryClient-CacheRefreshExecutor-%d] o.s.c.g.r.RouteDefinitionRouteLocator    : RouteDefinition matched: ReactiveCompositeDiscoveryClient_CONVERSAO-CORRENTE
2026-08-27T17:48:36.278-03:00 DEBUG 21918 --- [apigateway] [DiscoveryClient-CacheRefreshExecutor-%d] o.s.c.g.r.RouteDefinitionRouteLocator    : RouteDefinition ReactiveCompositeDiscoveryClient_CONVERSAO-ATIVA applying {pattern=/CONVERSAO-ATIVA/**} to Path
2026-08-27T17:48:36.279-03:00 DEBUG 21918 --- [apigateway] [DiscoveryClient-CacheRefreshExecutor-%d] o.s.c.g.r.RouteDefinitionRouteLocator    : RouteDefinition ReactiveCompositeDiscoveryClient_CONVERSAO-ATIVA applying filter {regexp=/CONVERSAO-ATIVA/?(?<remaining>.*), replacement=/${remaining}} to RewritePath
2026-08-27T17:48:36.281-03:00 DEBUG 21918 --- [apigateway] [DiscoveryClient-CacheRefreshExecutor-%d] o.s.c.g.r.RouteDefinitionRouteLocator    : RouteDefinition matched: ReactiveCompositeDiscoveryClient_CONVERSAO-ATIVA
2026-08-27T17:48:36.281-03:00 DEBUG 21918 --- [apigateway] [DiscoveryClient-CacheRefreshExecutor-%d] o.s.c.g.r.RouteDefinitionRouteLocator    : RouteDefinition ReactiveCompositeDiscoveryClient_APIGATEWAY applying {pattern=/APIGATEWAY/**} to Path
2026-08-27T17:48:36.283-03:00 DEBUG 21918 --- [apigateway] [DiscoveryClient-CacheRefreshExecutor-%d] o.s.c.g.r.RouteDefinitionRouteLocator    : RouteDefinition ReactiveCompositeDiscoveryClient_APIGATEWAY applying filter {regexp=/APIGATEWAY/?(?<remaining>.*), replacement=/${remaining}} to RewritePath
2026-08-27T17:48:36.284-03:00 DEBUG 21918 --- [apigateway] [DiscoveryClient-CacheRefreshExecutor-%d] o.s.c.g.r.RouteDefinitionRouteLocator    : RouteDefinition matched: ReactiveCompositeDiscoveryClient_APIGATEWAY
2026-08-27T17:48:36.287-03:00 DEBUG 21918 --- [apigateway] [DiscoveryClient-CacheRefreshExecutor-%d] o.s.c.g.filter.GatewayMetricsFilter      : New routes count: 3
2026-08-27T17:49:06.297-03:00 DEBUG 21918 --- [apigateway] [DiscoveryClient-CacheRefreshExecutor-%d] o.s.c.g.r.RouteDefinitionRouteLocator    : RouteDefinition ReactiveCompositeDiscoveryClient_CONVERSAO-CORRENTE applying {pattern=/CONVERSAO-CORRENTE/**} to Path
2026-08-27T17:49:06.300-03:00 DEBUG 21918 --- [apigateway] [DiscoveryClient-CacheRefreshExecutor-%d] o.s.c.g.r.RouteDefinitionRouteLocator    : RouteDefinition ReactiveCompositeDiscoveryClient_CONVERSAO-CORRENTE applying filter {regexp=/CONVERSAO-CORRENTE/?(?<remaining>.*), replacement=/${remaining}} to RewritePath
2026-08-27T17:49:06.301-03:00 DEBUG 21918 --- [apigateway] [DiscoveryClient-CacheRefreshExecutor-%d] o.s.c.g.r.RouteDefinitionRouteLocator    : RouteDefinition matched: ReactiveCompositeDiscoveryClient_CONVERSAO-CORRENTE
2026-08-27T17:49:06.302-03:00 DEBUG 21918 --- [apigateway] [DiscoveryClient-CacheRefreshExecutor-%d] o.s.c.g.r.RouteDefinitionRouteLocator    : RouteDefinition ReactiveCompositeDiscoveryClient_CONVERSAO-ATIVA applying {pattern=/CONVERSAO-ATIVA/**} to Path
2026-08-27T17:49:06.303-03:00 DEBUG 21918 --- [apigateway] [DiscoveryClient-CacheRefreshExecutor-%d] o.s.c.g.r.RouteDefinitionRouteLocator    : RouteDefinition ReactiveCompositeDiscoveryClient_CONVERSAO-ATIVA applying filter {regexp=/CONVERSAO-ATIVA/?(?<remaining>.*), replacement=/${remaining}} to RewritePath
2026-08-27T17:49:06.303-03:00 DEBUG 21918 --- [apigateway] [DiscoveryClient-CacheRefreshExecutor-%d] o.s.c.g.r.RouteDefinitionRouteLocator    : RouteDefinition matched: ReactiveCompositeDiscoveryClient_CONVERSAO-ATIVA
2026-08-27T17:49:06.303-03:00 DEBUG 21918 --- [apigateway] [DiscoveryClient-CacheRefreshExecutor-%d] o.s.c.g.r.RouteDefinitionRouteLocator    : RouteDefinition ReactiveCompositeDiscoveryClient_APIGATEWAY applying {pattern=/APIGATEWAY/**} to Path
2026-08-27T17:49:06.304-03:00 DEBUG 21918 --- [apigateway] [DiscoveryClient-CacheRefreshExecutor-%d] o.s.c.g.r.RouteDefinitionRouteLocator    : RouteDefinition ReactiveCompositeDiscoveryClient_APIGATEWAY applying filter {regexp=/APIGATEWAY/?(?<remaining>.*), replacement=/${remaining}} to RewritePath
2026-08-27T17:49:06.305-03:00 DEBUG 21918 --- [apigateway] [DiscoveryClient-CacheRefreshExecutor-%d] o.s.c.g.r.RouteDefinitionRouteLocator    : RouteDefinition matched: ReactiveCompositeDiscoveryClient_APIGATEWAY
2026-08-27T17:49:06.307-03:00 DEBUG 21918 --- [apigateway] [DiscoveryClient-CacheRefreshExecutor-%d] o.s.c.g.filter.GatewayMetricsFilter      : New routes count: 3
2026-08-27T17:49:36.314-03:00 DEBUG 21918 --- [apigateway] [DiscoveryClient-CacheRefreshExecutor-%d] o.s.c.g.r.RouteDefinitionRouteLocator    : RouteDefinition ReactiveCompositeDiscoveryClient_CONVERSAO-CORRENTE applying {pattern=/CONVERSAO-CORRENTE/**} to Path
2026-08-27T17:49:36.316-03:00 DEBUG 21918 --- [apigateway] [DiscoveryClient-CacheRefreshExecutor-%d] o.s.c.g.r.RouteDefinitionRouteLocator    : RouteDefinition ReactiveCompositeDiscoveryClient_CONVERSAO-CORRENTE applying filter {regexp=/CONVERSAO-CORRENTE/?(?<remaining>.*), replacement=/${remaining}} to RewritePath
2026-08-27T17:49:36.317-03:00 DEBUG 21918 --- [apigateway] [DiscoveryClient-CacheRefreshExecutor-%d] o.s.c.g.r.RouteDefinitionRouteLocator    : RouteDefinition matched: ReactiveCompositeDiscoveryClient_CONVERSAO-CORRENTE
2026-08-27T17:49:36.317-03:00 DEBUG 21918 --- [apigateway] [DiscoveryClient-CacheRefreshExecutor-%d] o.s.c.g.r.RouteDefinitionRouteLocator    : RouteDefinition ReactiveCompositeDiscoveryClient_CONVERSAO-ATIVA applying {pattern=/CONVERSAO-ATIVA/**} to Path
2026-08-27T17:49:36.318-03:00 DEBUG 21918 --- [apigateway] [DiscoveryClient-CacheRefreshExecutor-%d] o.s.c.g.r.RouteDefinitionRouteLocator    : RouteDefinition ReactiveCompositeDiscoveryClient_CONVERSAO-ATIVA applying filter {regexp=/CONVERSAO-ATIVA/?(?<remaining>.*), replacement=/${remaining}} to RewritePath
2026-08-27T17:49:36.319-03:00 DEBUG 21918 --- [apigateway] [DiscoveryClient-CacheRefreshExecutor-%d] o.s.c.g.r.RouteDefinitionRouteLocator    : RouteDefinition matched: ReactiveCompositeDiscoveryClient_CONVERSAO-ATIVA
2026-08-27T17:49:36.320-03:00 DEBUG 21918 --- [apigateway] [DiscoveryClient-CacheRefreshExecutor-%d] o.s.c.g.r.RouteDefinitionRouteLocator    : RouteDefinition ReactiveCompositeDiscoveryClient_APIGATEWAY applying {pattern=/APIGATEWAY/**} to Path
2026-08-27T17:49:36.321-03:00 DEBUG 21918 --- [apigateway] [DiscoveryClient-CacheRefreshExecutor-%d] o.s.c.g.r.RouteDefinitionRouteLocator    : RouteDefinition ReactiveCompositeDiscoveryClient_APIGATEWAY applying filter {regexp=/APIGATEWAY/?(?<remaining>.*), replacement=/${remaining}} to RewritePath
2026-08-27T17:49:36.322-03:00 DEBUG 21918 --- [apigateway] [DiscoveryClient-CacheRefreshExecutor-%d] o.s.c.g.r.RouteDefinitionRouteLocator    : RouteDefinition matched: ReactiveCompositeDiscoveryClient_APIGATEWAY
2026-08-27T17:49:36.323-03:00 DEBUG 21918 --- [apigateway] [DiscoveryClient-CacheRefreshExecutor-%d] o.s.c.g.filter.GatewayMetricsFilter      : New routes count: 3
2026-08-27T17:49:43.116-03:00  INFO 21918 --- [apigateway] [File Watcher] rtingClassPathChangeChangedEventListener : Restarting due to 1 class path change (0 additions, 0 deletions, 1 modification)
2026-08-27T17:49:43.118-03:00  INFO 21918 --- [apigateway] [Thread-1] o.s.c.n.e.s.EurekaServiceRegistry        : Unregistering application APIGATEWAY with eureka with status DOWN
2026-08-27T17:49:43.118-03:00  INFO 21918 --- [apigateway] [Thread-1] com.netflix.discovery.DiscoveryClient    : Saw local status change event StatusChangeEvent [timestamp=1787863783118, current=DOWN, previous=UP]
2026-08-27T17:49:43.118-03:00  INFO 21918 --- [apigateway] [DiscoveryClient-InstanceInfoReplicator-%d] com.netflix.discovery.DiscoveryClient    : DiscoveryClient_APIGATEWAY/192.168.0.39:apigateway:8765: registering service...
2026-08-27T17:49:43.121-03:00  INFO 21918 --- [apigateway] [Thread-1] o.s.boot.reactor.netty.GracefulShutdown  : Commencing graceful shutdown. Waiting for active requests to complete
2026-08-27T17:49:43.123-03:00  INFO 21918 --- [apigateway] [netty-shutdown] o.s.boot.reactor.netty.GracefulShutdown  : Graceful shutdown complete
2026-08-27T17:49:43.130-03:00  INFO 21918 --- [apigateway] [DiscoveryClient-InstanceInfoReplicator-%d] com.netflix.discovery.DiscoveryClient    : DiscoveryClient_APIGATEWAY/192.168.0.39:apigateway:8765 - registration status: 204
2026-08-27T17:49:43.143-03:00  INFO 21918 --- [apigateway] [Thread-1] com.netflix.discovery.DiscoveryClient    : Shutting down DiscoveryClient ...
2026-08-27T17:49:46.144-03:00  INFO 21918 --- [apigateway] [Thread-1] com.netflix.discovery.DiscoveryClient    : Unregistering ...
2026-08-27T17:49:46.156-03:00  INFO 21918 --- [apigateway] [Thread-1] com.netflix.discovery.DiscoveryClient    : DiscoveryClient_APIGATEWAY/192.168.0.39:apigateway:8765 - deregister  status: 200
2026-08-27T17:49:46.156-03:00  INFO 21918 --- [apigateway] [Thread-1] com.netflix.discovery.DiscoveryClient    : Completed shut down of DiscoveryClient
2026-08-27T17:49:46.309-03:00  INFO 21918 --- [apigateway] [restartedMain] c.l.apigateway.ApigatewayApplication     : Starting ApigatewayApplication using Java 25 with PID 21918 (/home/kelu/ranga/spring-microservice/apigateway/target/classes started by kelu in /home/kelu/ranga/spring-microservice/apigateway)
2026-08-27T17:49:46.310-03:00  INFO 21918 --- [apigateway] [restartedMain] c.l.apigateway.ApigatewayApplication     : No active profile set, falling back to 1 default profile: "default"
2026-08-27T17:49:46.312-03:00  INFO 21918 --- [apigateway] [restartedMain] o.s.c.c.c.ConfigServerConfigDataLoader   : Fetching config from server at : http://localhost:8888
2026-08-27T17:49:46.313-03:00  INFO 21918 --- [apigateway] [restartedMain] o.s.c.c.c.ConfigServerConfigDataLoader   : Exception on Url - http://localhost:8888:org.springframework.web.client.ResourceAccessException: I/O error on GET request for "http://localhost:8888/apigateway/default": Conexão recusada. Will be trying the next url if available
2026-08-27T17:49:46.313-03:00  WARN 21918 --- [apigateway] [restartedMain] o.s.c.c.c.ConfigServerConfigDataLoader   : Could not locate PropertySource ([ConfigServerConfigDataResource@3a5fc5c8 uris = array<String>['http://localhost:8888'], optional = true, profiles = 'default']): I/O error on GET request for "http://localhost:8888/apigateway/default": Conexão recusada
2026-08-27T17:49:46.313-03:00  INFO 21918 --- [apigateway] [restartedMain] o.s.c.c.c.ConfigServerConfigDataLoader   : Fetching config from server at : http://localhost:8888
2026-08-27T17:49:46.313-03:00  INFO 21918 --- [apigateway] [restartedMain] o.s.c.c.c.ConfigServerConfigDataLoader   : Exception on Url - http://localhost:8888:org.springframework.web.client.ResourceAccessException: I/O error on GET request for "http://localhost:8888/apigateway/default": Conexão recusada. Will be trying the next url if available
2026-08-27T17:49:46.313-03:00  WARN 21918 --- [apigateway] [restartedMain] o.s.c.c.c.ConfigServerConfigDataLoader   : Could not locate PropertySource ([ConfigServerConfigDataResource@f976931 uris = array<String>['http://localhost:8888'], optional = true, profiles = 'default']): I/O error on GET request for "http://localhost:8888/apigateway/default": Conexão recusada
2026-08-27T17:49:46.313-03:00  INFO 21918 --- [apigateway] [restartedMain] o.s.c.c.c.ConfigServerConfigDataLoader   : Fetching config from server at : http://localhost:8888
2026-08-27T17:49:46.313-03:00  INFO 21918 --- [apigateway] [restartedMain] o.s.c.c.c.ConfigServerConfigDataLoader   : Exception on Url - http://localhost:8888:org.springframework.web.client.ResourceAccessException: I/O error on GET request for "http://localhost:8888/apigateway/default": Conexão recusada. Will be trying the next url if available
2026-08-27T17:49:46.313-03:00  WARN 21918 --- [apigateway] [restartedMain] o.s.c.c.c.ConfigServerConfigDataLoader   : Could not locate PropertySource ([ConfigServerConfigDataResource@368ee6f8 uris = array<String>['http://localhost:8888'], optional = true, profiles = 'default']): I/O error on GET request for "http://localhost:8888/apigateway/default": Conexão recusada
2026-08-27T17:49:46.740-03:00  INFO 21918 --- [apigateway] [restartedMain] o.s.cloud.context.scope.GenericScope     : BeanFactory id=1c3a243d-a081-3e90-86c6-ff04a2503f1e
2026-08-27T17:49:46.900-03:00  WARN 21918 --- [apigateway] [restartedMain] o.h.v.i.m.a.CascadingMetaDataBuilder     : HV000271: Using `@Valid` on a container (java.util.List) is deprecated. You should apply the annotation on the type argument(s). Affected element: routes
2026-08-27T17:49:46.943-03:00  INFO 21918 --- [apigateway] [restartedMain] o.s.c.g.r.RouteDefinitionRouteLocator    : Loaded RoutePredicateFactory [After]
2026-08-27T17:49:46.944-03:00  INFO 21918 --- [apigateway] [restartedMain] o.s.c.g.r.RouteDefinitionRouteLocator    : Loaded RoutePredicateFactory [Before]
2026-08-27T17:49:46.944-03:00  INFO 21918 --- [apigateway] [restartedMain] o.s.c.g.r.RouteDefinitionRouteLocator    : Loaded RoutePredicateFactory [Between]
2026-08-27T17:49:46.944-03:00  INFO 21918 --- [apigateway] [restartedMain] o.s.c.g.r.RouteDefinitionRouteLocator    : Loaded RoutePredicateFactory [Cookie]
2026-08-27T17:49:46.944-03:00  INFO 21918 --- [apigateway] [restartedMain] o.s.c.g.r.RouteDefinitionRouteLocator    : Loaded RoutePredicateFactory [Header]
2026-08-27T17:49:46.944-03:00  INFO 21918 --- [apigateway] [restartedMain] o.s.c.g.r.RouteDefinitionRouteLocator    : Loaded RoutePredicateFactory [Host]
2026-08-27T17:49:46.944-03:00  INFO 21918 --- [apigateway] [restartedMain] o.s.c.g.r.RouteDefinitionRouteLocator    : Loaded RoutePredicateFactory [Method]
2026-08-27T17:49:46.944-03:00  INFO 21918 --- [apigateway] [restartedMain] o.s.c.g.r.RouteDefinitionRouteLocator    : Loaded RoutePredicateFactory [Path]
2026-08-27T17:49:46.944-03:00  INFO 21918 --- [apigateway] [restartedMain] o.s.c.g.r.RouteDefinitionRouteLocator    : Loaded RoutePredicateFactory [Query]
2026-08-27T17:49:46.944-03:00  INFO 21918 --- [apigateway] [restartedMain] o.s.c.g.r.RouteDefinitionRouteLocator    : Loaded RoutePredicateFactory [ReadBody]
2026-08-27T17:49:46.944-03:00  INFO 21918 --- [apigateway] [restartedMain] o.s.c.g.r.RouteDefinitionRouteLocator    : Loaded RoutePredicateFactory [RemoteAddr]
2026-08-27T17:49:46.944-03:00  INFO 21918 --- [apigateway] [restartedMain] o.s.c.g.r.RouteDefinitionRouteLocator    : Loaded RoutePredicateFactory [Version]
2026-08-27T17:49:46.944-03:00  INFO 21918 --- [apigateway] [restartedMain] o.s.c.g.r.RouteDefinitionRouteLocator    : Loaded RoutePredicateFactory [XForwardedRemoteAddr]
2026-08-27T17:49:46.944-03:00  INFO 21918 --- [apigateway] [restartedMain] o.s.c.g.r.RouteDefinitionRouteLocator    : Loaded RoutePredicateFactory [Weight]
2026-08-27T17:49:46.944-03:00  INFO 21918 --- [apigateway] [restartedMain] o.s.c.g.r.RouteDefinitionRouteLocator    : Loaded RoutePredicateFactory [CloudFoundryRouteService]
2026-08-27T17:49:47.029-03:00  INFO 21918 --- [apigateway] [restartedMain] o.s.b.a.e.web.EndpointLinksResolver      : Exposing 1 endpoint beneath base path '/actuator'
2026-08-27T17:49:47.108-03:00  INFO 21918 --- [apigateway] [restartedMain] DiscoveryClientOptionalArgsConfiguration : Eureka HTTP Client uses RestClient.
2026-08-27T17:49:47.121-03:00  WARN 21918 --- [apigateway] [restartedMain] iguration$LoadBalancerCaffeineWarnLogger : Spring Cloud LoadBalancer is currently working with the default cache. While this cache implementation is useful for development and tests, it's recommended to use Caffeine cache in production.You can switch to using Caffeine cache, by adding it and org.springframework.cache.caffeine.CaffeineCacheManager to the classpath.
2026-08-27T17:49:47.138-03:00  INFO 21918 --- [apigateway] [restartedMain] o.s.c.n.eureka.InstanceInfoFactory       : Setting initial instance status as: STARTING
2026-08-27T17:49:47.140-03:00  INFO 21918 --- [apigateway] [restartedMain] com.netflix.discovery.DiscoveryClient    : Initializing Eureka in region us-east-1
2026-08-27T17:49:47.140-03:00  INFO 21918 --- [apigateway] [restartedMain] c.n.d.s.r.aws.ConfigClusterResolver      : Resolving eureka endpoints via configuration
2026-08-27T17:49:47.141-03:00  INFO 21918 --- [apigateway] [restartedMain] com.netflix.discovery.DiscoveryClient    : Disable delta property : false
2026-08-27T17:49:47.141-03:00  INFO 21918 --- [apigateway] [restartedMain] com.netflix.discovery.DiscoveryClient    : Single vip registry refresh property : null
2026-08-27T17:49:47.141-03:00  INFO 21918 --- [apigateway] [restartedMain] com.netflix.discovery.DiscoveryClient    : Force full registry fetch : false
2026-08-27T17:49:47.141-03:00  INFO 21918 --- [apigateway] [restartedMain] com.netflix.discovery.DiscoveryClient    : Application is null : false
2026-08-27T17:49:47.141-03:00  INFO 21918 --- [apigateway] [restartedMain] com.netflix.discovery.DiscoveryClient    : Registered Applications size is zero : true
2026-08-27T17:49:47.141-03:00  INFO 21918 --- [apigateway] [restartedMain] com.netflix.discovery.DiscoveryClient    : Application version is -1: true
2026-08-27T17:49:47.141-03:00  INFO 21918 --- [apigateway] [restartedMain] com.netflix.discovery.DiscoveryClient    : Getting all instance registry info from the eureka server
2026-08-27T17:49:47.170-03:00  INFO 21918 --- [apigateway] [restartedMain] com.netflix.discovery.DiscoveryClient    : The response status is 200
2026-08-27T17:49:47.170-03:00  INFO 21918 --- [apigateway] [restartedMain] com.netflix.discovery.DiscoveryClient    : Starting heartbeat executor: renew interval is: 30
2026-08-27T17:49:47.171-03:00  INFO 21918 --- [apigateway] [restartedMain] c.n.discovery.InstanceInfoReplicator     : InstanceInfoReplicator onDemand update allowed rate per min is 4
2026-08-27T17:49:47.171-03:00  INFO 21918 --- [apigateway] [restartedMain] com.netflix.discovery.DiscoveryClient    : Discovery Client initialized at timestamp 1787863787171 with initial instances count: 3
2026-08-27T17:49:47.172-03:00  INFO 21918 --- [apigateway] [restartedMain] o.s.c.n.e.s.EurekaServiceRegistry        : Registering application APIGATEWAY with eureka with status UP
2026-08-27T17:49:47.172-03:00  INFO 21918 --- [apigateway] [restartedMain] com.netflix.discovery.DiscoveryClient    : Saw local status change event StatusChangeEvent [timestamp=1787863787172, current=UP, previous=STARTING]
2026-08-27T17:49:47.172-03:00  INFO 21918 --- [apigateway] [DiscoveryClient-InstanceInfoReplicator-%d] com.netflix.discovery.DiscoveryClient    : DiscoveryClient_APIGATEWAY/192.168.0.39:apigateway:8765: registering service...
2026-08-27T17:49:47.175-03:00 DEBUG 21918 --- [apigateway] [restartedMain] o.s.c.g.r.RouteDefinitionRouteLocator    : RouteDefinition ReactiveCompositeDiscoveryClient_CONVERSAO-CORRENTE applying {pattern=/CONVERSAO-CORRENTE/**} to Path
2026-08-27T17:49:47.186-03:00  INFO 21918 --- [apigateway] [DiscoveryClient-InstanceInfoReplicator-%d] com.netflix.discovery.DiscoveryClient    : DiscoveryClient_APIGATEWAY/192.168.0.39:apigateway:8765 - registration status: 204
2026-08-27T17:49:47.187-03:00 DEBUG 21918 --- [apigateway] [restartedMain] o.s.c.g.r.RouteDefinitionRouteLocator    : RouteDefinition ReactiveCompositeDiscoveryClient_CONVERSAO-CORRENTE applying filter {regexp=/CONVERSAO-CORRENTE/?(?<remaining>.*), replacement=/${remaining}} to RewritePath
2026-08-27T17:49:47.194-03:00 DEBUG 21918 --- [apigateway] [restartedMain] o.s.c.g.r.RouteDefinitionRouteLocator    : RouteDefinition matched: ReactiveCompositeDiscoveryClient_CONVERSAO-CORRENTE
2026-08-27T17:49:47.194-03:00 DEBUG 21918 --- [apigateway] [restartedMain] o.s.c.g.r.RouteDefinitionRouteLocator    : RouteDefinition ReactiveCompositeDiscoveryClient_CONVERSAO-ATIVA applying {pattern=/CONVERSAO-ATIVA/**} to Path
2026-08-27T17:49:47.195-03:00 DEBUG 21918 --- [apigateway] [restartedMain] o.s.c.g.r.RouteDefinitionRouteLocator    : RouteDefinition ReactiveCompositeDiscoveryClient_CONVERSAO-ATIVA applying filter {regexp=/CONVERSAO-ATIVA/?(?<remaining>.*), replacement=/${remaining}} to RewritePath
2026-08-27T17:49:47.196-03:00 DEBUG 21918 --- [apigateway] [restartedMain] o.s.c.g.r.RouteDefinitionRouteLocator    : RouteDefinition matched: ReactiveCompositeDiscoveryClient_CONVERSAO-ATIVA
2026-08-27T17:49:47.196-03:00 DEBUG 21918 --- [apigateway] [restartedMain] o.s.c.g.r.RouteDefinitionRouteLocator    : RouteDefinition ReactiveCompositeDiscoveryClient_APIGATEWAY applying {pattern=/APIGATEWAY/**} to Path
2026-08-27T17:49:47.197-03:00 DEBUG 21918 --- [apigateway] [restartedMain] o.s.c.g.r.RouteDefinitionRouteLocator    : RouteDefinition ReactiveCompositeDiscoveryClient_APIGATEWAY applying filter {regexp=/APIGATEWAY/?(?<remaining>.*), replacement=/${remaining}} to RewritePath
2026-08-27T17:49:47.198-03:00 DEBUG 21918 --- [apigateway] [restartedMain] o.s.c.g.r.RouteDefinitionRouteLocator    : RouteDefinition matched: ReactiveCompositeDiscoveryClient_APIGATEWAY
2026-08-27T17:49:47.199-03:00 DEBUG 21918 --- [apigateway] [restartedMain] o.s.c.g.filter.GatewayMetricsFilter      : New routes count: 3
2026-08-27T17:49:47.202-03:00  INFO 21918 --- [apigateway] [restartedMain] o.s.boot.reactor.netty.NettyWebServer    : Netty started on port 8765 (http)
2026-08-27T17:49:47.203-03:00  INFO 21918 --- [apigateway] [restartedMain] .s.c.n.e.s.EurekaAutoServiceRegistration : Updating port to 8765
2026-08-27T17:49:47.209-03:00 DEBUG 21918 --- [apigateway] [restartedMain] o.s.c.g.r.RouteDefinitionRouteLocator    : RouteDefinition ReactiveCompositeDiscoveryClient_CONVERSAO-CORRENTE applying {pattern=/CONVERSAO-CORRENTE/**} to Path
2026-08-27T17:49:47.210-03:00 DEBUG 21918 --- [apigateway] [restartedMain] o.s.c.g.r.RouteDefinitionRouteLocator    : RouteDefinition ReactiveCompositeDiscoveryClient_CONVERSAO-CORRENTE applying filter {regexp=/CONVERSAO-CORRENTE/?(?<remaining>.*), replacement=/${remaining}} to RewritePath
2026-08-27T17:49:47.210-03:00 DEBUG 21918 --- [apigateway] [restartedMain] o.s.c.g.r.RouteDefinitionRouteLocator    : RouteDefinition matched: ReactiveCompositeDiscoveryClient_CONVERSAO-CORRENTE
2026-08-27T17:49:47.211-03:00 DEBUG 21918 --- [apigateway] [restartedMain] o.s.c.g.r.RouteDefinitionRouteLocator    : RouteDefinition ReactiveCompositeDiscoveryClient_CONVERSAO-ATIVA applying {pattern=/CONVERSAO-ATIVA/**} to Path
2026-08-27T17:49:47.211-03:00 DEBUG 21918 --- [apigateway] [restartedMain] o.s.c.g.r.RouteDefinitionRouteLocator    : RouteDefinition ReactiveCompositeDiscoveryClient_CONVERSAO-ATIVA applying filter {regexp=/CONVERSAO-ATIVA/?(?<remaining>.*), replacement=/${remaining}} to RewritePath
2026-08-27T17:49:47.212-03:00 DEBUG 21918 --- [apigateway] [restartedMain] o.s.c.g.r.RouteDefinitionRouteLocator    : RouteDefinition matched: ReactiveCompositeDiscoveryClient_CONVERSAO-ATIVA
2026-08-27T17:49:47.212-03:00 DEBUG 21918 --- [apigateway] [restartedMain] o.s.c.g.r.RouteDefinitionRouteLocator    : RouteDefinition ReactiveCompositeDiscoveryClient_APIGATEWAY applying {pattern=/APIGATEWAY/**} to Path
2026-08-27T17:49:47.213-03:00 DEBUG 21918 --- [apigateway] [restartedMain] o.s.c.g.r.RouteDefinitionRouteLocator    : RouteDefinition ReactiveCompositeDiscoveryClient_APIGATEWAY applying filter {regexp=/APIGATEWAY/?(?<remaining>.*), replacement=/${remaining}} to RewritePath
2026-08-27T17:49:47.213-03:00 DEBUG 21918 --- [apigateway] [restartedMain] o.s.c.g.r.RouteDefinitionRouteLocator    : RouteDefinition matched: ReactiveCompositeDiscoveryClient_APIGATEWAY
2026-08-27T17:49:47.214-03:00 DEBUG 21918 --- [apigateway] [restartedMain] o.s.c.g.filter.GatewayMetricsFilter      : New routes count: 3
2026-08-27T17:49:47.215-03:00  INFO 21918 --- [apigateway] [restartedMain] c.l.apigateway.ApigatewayApplication     : Started ApigatewayApplication in 0.961 seconds (process running for 827.032)
2026-08-27T17:49:47.218-03:00  INFO 21918 --- [apigateway] [restartedMain] .ConditionEvaluationDeltaLoggingListener : Condition evaluation unchanged
2026-08-27T17:50:09.903-03:00  INFO 21918 --- [apigateway] [SpringApplicationShutdownHook] o.s.c.n.e.s.EurekaServiceRegistry        : Unregistering application APIGATEWAY with eureka with status DOWN
2026-08-27T17:50:09.904-03:00  INFO 21918 --- [apigateway] [SpringApplicationShutdownHook] com.netflix.discovery.DiscoveryClient    : Saw local status change event StatusChangeEvent [timestamp=1787863809904, current=DOWN, previous=UP]
2026-08-27T17:50:09.904-03:00  INFO 21918 --- [apigateway] [DiscoveryClient-InstanceInfoReplicator-%d] com.netflix.discovery.DiscoveryClient    : DiscoveryClient_APIGATEWAY/192.168.0.39:apigateway:8765: registering service...
2026-08-27T17:50:09.905-03:00  INFO 21918 --- [apigateway] [SpringApplicationShutdownHook] o.s.boot.reactor.netty.GracefulShutdown  : Commencing graceful shutdown. Waiting for active requests to complete
2026-08-27T17:50:09.906-03:00  INFO 21918 --- [apigateway] [netty-shutdown] o.s.boot.reactor.netty.GracefulShutdown  : Graceful shutdown complete
2026-08-27T17:50:09.910-03:00  INFO 21918 --- [apigateway] [DiscoveryClient-InstanceInfoReplicator-%d] com.netflix.discovery.DiscoveryClient    : DiscoveryClient_APIGATEWAY/192.168.0.39:apigateway:8765 - registration status: 204
2026-08-27T17:50:09.919-03:00  INFO 21918 --- [apigateway] [SpringApplicationShutdownHook] com.netflix.discovery.DiscoveryClient    : Shutting down DiscoveryClient ...
2026-08-27T17:50:12.919-03:00  INFO 21918 --- [apigateway] [SpringApplicationShutdownHook] com.netflix.discovery.DiscoveryClient    : Unregistering ...
2026-08-27T17:50:12.923-03:00  INFO 21918 --- [apigateway] [SpringApplicationShutdownHook] c.n.d.s.t.d.RedirectingEurekaHttpClient  : Request execution error. endpoint=DefaultEndpoint{ serviceUrl='http://localhost:8761/eureka/} exception=I/O error on DELETE request for "http://localhost:8761/eureka/apps/APIGATEWAY/192.168.0.39:apigateway:8765": Connect to http://localhost:8761 failed: Conexão recusada

org.springframework.web.client.ResourceAccessException: I/O error on DELETE request for "http://localhost:8761/eureka/apps/APIGATEWAY/192.168.0.39:apigateway:8765": Connect to http://localhost:8761 failed: Conexão recusada
	at org.springframework.web.client.DefaultRestClient$DefaultRequestBodyUriSpec.createResourceAccessException(DefaultRestClient.java:779) ~[spring-web-7.0.8.jar:7.0.8]
	at org.springframework.web.client.DefaultRestClient$DefaultRequestBodyUriSpec.exchangeInternal(DefaultRestClient.java:624) ~[spring-web-7.0.8.jar:7.0.8]
	at org.springframework.web.client.DefaultRestClient$DefaultRequestBodyUriSpec.exchange(DefaultRestClient.java:572) ~[spring-web-7.0.8.jar:7.0.8]
	at org.springframework.web.client.RestClient$RequestHeadersSpec.exchange(RestClient.java:747) ~[spring-web-7.0.8.jar:7.0.8]
	at org.springframework.web.client.DefaultRestClient$DefaultResponseSpec.executeAndExtract(DefaultRestClient.java:924) ~[spring-web-7.0.8.jar:7.0.8]
	at org.springframework.web.client.DefaultRestClient$DefaultResponseSpec.toBodilessEntity(DefaultRestClient.java:888) ~[spring-web-7.0.8.jar:7.0.8]
	at org.springframework.cloud.netflix.eureka.http.RestClientEurekaHttpClient.cancel(RestClientEurekaHttpClient.java:73) ~[spring-cloud-netflix-eureka-client-5.0.2.jar:5.0.2]
	at com.netflix.discovery.shared.transport.decorator.EurekaHttpClientDecorator$2.execute(EurekaHttpClientDecorator.java:74) ~[eureka-client-2.0.6.jar:2.0.6]
	at com.netflix.discovery.shared.transport.decorator.RedirectingEurekaHttpClient.execute(RedirectingEurekaHttpClient.java:90) ~[eureka-client-2.0.6.jar:2.0.6]
	at com.netflix.discovery.shared.transport.decorator.EurekaHttpClientDecorator.cancel(EurekaHttpClientDecorator.java:71) ~[eureka-client-2.0.6.jar:2.0.6]
	at com.netflix.discovery.shared.transport.decorator.EurekaHttpClientDecorator$2.execute(EurekaHttpClientDecorator.java:74) ~[eureka-client-2.0.6.jar:2.0.6]
	at com.netflix.discovery.shared.transport.decorator.RetryableEurekaHttpClient.execute(RetryableEurekaHttpClient.java:120) ~[eureka-client-2.0.6.jar:2.0.6]
	at com.netflix.discovery.shared.transport.decorator.EurekaHttpClientDecorator.cancel(EurekaHttpClientDecorator.java:71) ~[eureka-client-2.0.6.jar:2.0.6]
	at com.netflix.discovery.shared.transport.decorator.EurekaHttpClientDecorator$2.execute(EurekaHttpClientDecorator.java:74) ~[eureka-client-2.0.6.jar:2.0.6]
	at com.netflix.discovery.shared.transport.decorator.SessionedEurekaHttpClient.execute(SessionedEurekaHttpClient.java:76) ~[eureka-client-2.0.6.jar:2.0.6]
	at com.netflix.discovery.shared.transport.decorator.EurekaHttpClientDecorator.cancel(EurekaHttpClientDecorator.java:71) ~[eureka-client-2.0.6.jar:2.0.6]
	at com.netflix.discovery.DiscoveryClient.unregister(DiscoveryClient.java:934) ~[eureka-client-2.0.6.jar:2.0.6]
	at com.netflix.discovery.DiscoveryClient.shutdown(DiscoveryClient.java:915) ~[eureka-client-2.0.6.jar:2.0.6]
	at java.base/jdk.internal.reflect.DirectMethodHandleAccessor.invoke(DirectMethodHandleAccessor.java:104) ~[na:na]
	at java.base/java.lang.reflect.Method.invoke(Method.java:565) ~[na:na]
	at org.springframework.beans.factory.annotation.InitDestroyAnnotationBeanPostProcessor$LifecycleMethod.invoke(InitDestroyAnnotationBeanPostProcessor.java:453) ~[spring-beans-7.0.8.jar:7.0.8]
	at org.springframework.beans.factory.annotation.InitDestroyAnnotationBeanPostProcessor$LifecycleMetadata.invokeDestroyMethods(InitDestroyAnnotationBeanPostProcessor.java:411) ~[spring-beans-7.0.8.jar:7.0.8]
	at org.springframework.beans.factory.annotation.InitDestroyAnnotationBeanPostProcessor.postProcessBeforeDestruction(InitDestroyAnnotationBeanPostProcessor.java:237) ~[spring-beans-7.0.8.jar:7.0.8]
	at org.springframework.beans.factory.support.DisposableBeanAdapter.destroy(DisposableBeanAdapter.java:200) ~[spring-beans-7.0.8.jar:7.0.8]
	at org.springframework.beans.factory.support.DisposableBeanAdapter.run(DisposableBeanAdapter.java:193) ~[spring-beans-7.0.8.jar:7.0.8]
	at org.springframework.cloud.context.scope.GenericScope$BeanLifecycleWrapper.destroy(GenericScope.java:387) ~[spring-cloud-context-5.0.2.jar:5.0.2]
	at org.springframework.cloud.context.scope.GenericScope.destroy(GenericScope.java:134) ~[spring-cloud-context-5.0.2.jar:5.0.2]
	at org.springframework.beans.factory.support.DisposableBeanAdapter.destroy(DisposableBeanAdapter.java:209) ~[spring-beans-7.0.8.jar:7.0.8]
	at org.springframework.beans.factory.support.DefaultSingletonBeanRegistry.destroyBean(DefaultSingletonBeanRegistry.java:795) ~[spring-beans-7.0.8.jar:7.0.8]
	at org.springframework.beans.factory.support.DefaultSingletonBeanRegistry.destroySingleton(DefaultSingletonBeanRegistry.java:745) ~[spring-beans-7.0.8.jar:7.0.8]
	at org.springframework.beans.factory.support.DefaultListableBeanFactory.destroySingleton(DefaultListableBeanFactory.java:1507) ~[spring-beans-7.0.8.jar:7.0.8]
	at org.springframework.beans.factory.support.DefaultSingletonBeanRegistry.destroySingletons(DefaultSingletonBeanRegistry.java:704) ~[spring-beans-7.0.8.jar:7.0.8]
	at org.springframework.beans.factory.support.DefaultListableBeanFactory.destroySingletons(DefaultListableBeanFactory.java:1500) ~[spring-beans-7.0.8.jar:7.0.8]
	at org.springframework.context.support.AbstractApplicationContext.destroyBeans(AbstractApplicationContext.java:1246) ~[spring-context-7.0.8.jar:7.0.8]
	at org.springframework.context.support.AbstractApplicationContext.doClose(AbstractApplicationContext.java:1207) ~[spring-context-7.0.8.jar:7.0.8]
	at org.springframework.boot.web.server.reactive.context.ReactiveWebServerApplicationContext.doClose(ReactiveWebServerApplicationContext.java:158) ~[spring-boot-web-server-4.1.0.jar:4.1.0]
	at org.springframework.context.support.AbstractApplicationContext.close(AbstractApplicationContext.java:1153) ~[spring-context-7.0.8.jar:7.0.8]
	at org.springframework.boot.SpringApplicationShutdownHook.closeAndWait(SpringApplicationShutdownHook.java:147) ~[spring-boot-4.1.0.jar:4.1.0]
	at java.base/java.lang.Iterable.forEach(Iterable.java:75) ~[na:na]
	at org.springframework.boot.SpringApplicationShutdownHook.run(SpringApplicationShutdownHook.java:116) ~[spring-boot-4.1.0.jar:4.1.0]
	at java.base/java.lang.Thread.run(Thread.java:1474) ~[na:na]
Caused by: org.apache.hc.client5.http.HttpHostConnectException: Connect to http://localhost:8761 failed: Conexão recusada
	at java.base/sun.nio.ch.Net.pollConnect(Native Method) ~[na:na]
	at java.base/sun.nio.ch.Net.pollConnectNow(Net.java:639) ~[na:na]
	at java.base/sun.nio.ch.NioSocketImpl.timedFinishConnect(NioSocketImpl.java:543) ~[na:na]
	at java.base/sun.nio.ch.NioSocketImpl.connect(NioSocketImpl.java:594) ~[na:na]
	at java.base/java.net.SocksSocketImpl.connect(SocksSocketImpl.java:284) ~[na:na]
	at java.base/java.net.Socket.connect(Socket.java:659) ~[na:na]
	at org.apache.hc.client5.http.impl.io.DefaultHttpClientConnectionOperator.connect(DefaultHttpClientConnectionOperator.java:219) ~[httpclient5-5.6.1.jar:5.6.1]
	at org.apache.hc.client5.http.impl.io.PoolingHttpClientConnectionManager.connect(PoolingHttpClientConnectionManager.java:547) ~[httpclient5-5.6.1.jar:5.6.1]
	at org.apache.hc.client5.http.impl.classic.InternalExecRuntime.connectEndpoint(InternalExecRuntime.java:164) ~[httpclient5-5.6.1.jar:5.6.1]
	at org.apache.hc.client5.http.impl.classic.InternalExecRuntime.connectEndpoint(InternalExecRuntime.java:174) ~[httpclient5-5.6.1.jar:5.6.1]
	at org.apache.hc.client5.http.impl.classic.ConnectExec.execute(ConnectExec.java:144) ~[httpclient5-5.6.1.jar:5.6.1]
	at org.apache.hc.client5.http.impl.classic.ExecChainElement.execute(ExecChainElement.java:51) ~[httpclient5-5.6.1.jar:5.6.1]
	at org.apache.hc.client5.http.impl.classic.ProtocolExec.execute(ProtocolExec.java:192) ~[httpclient5-5.6.1.jar:5.6.1]
	at org.apache.hc.client5.http.impl.classic.ExecChainElement.execute(ExecChainElement.java:51) ~[httpclient5-5.6.1.jar:5.6.1]
	at org.apache.hc.client5.http.impl.classic.ContentCompressionExec.execute(ContentCompressionExec.java:138) ~[httpclient5-5.6.1.jar:5.6.1]
	at org.apache.hc.client5.http.impl.classic.ExecChainElement.execute(ExecChainElement.java:51) ~[httpclient5-5.6.1.jar:5.6.1]
	at org.apache.hc.client5.http.impl.classic.HttpRequestRetryExec.execute(HttpRequestRetryExec.java:112) ~[httpclient5-5.6.1.jar:5.6.1]
	at org.apache.hc.client5.http.impl.classic.ExecChainElement.execute(ExecChainElement.java:51) ~[httpclient5-5.6.1.jar:5.6.1]
	at org.apache.hc.client5.http.impl.classic.RedirectExec.execute(RedirectExec.java:110) ~[httpclient5-5.6.1.jar:5.6.1]
	at org.apache.hc.client5.http.impl.classic.ExecChainElement.execute(ExecChainElement.java:51) ~[httpclient5-5.6.1.jar:5.6.1]
	at org.apache.hc.client5.http.impl.classic.InternalHttpClient.doExecute(InternalHttpClient.java:185) ~[httpclient5-5.6.1.jar:5.6.1]
	at org.apache.hc.client5.http.impl.classic.CloseableHttpClient.execute(CloseableHttpClient.java:87) ~[httpclient5-5.6.1.jar:5.6.1]
	at org.apache.hc.client5.http.impl.classic.CloseableHttpClient.execute(CloseableHttpClient.java:55) ~[httpclient5-5.6.1.jar:5.6.1]
	at org.apache.hc.client5.http.classic.HttpClient.executeOpen(HttpClient.java:183) ~[httpclient5-5.6.1.jar:5.6.1]
	at org.springframework.http.client.HttpComponentsClientHttpRequest.executeInternal(HttpComponentsClientHttpRequest.java:99) ~[spring-web-7.0.8.jar:7.0.8]
	at org.springframework.http.client.AbstractStreamingClientHttpRequest.executeInternal(AbstractStreamingClientHttpRequest.java:87) ~[spring-web-7.0.8.jar:7.0.8]
	at org.springframework.http.client.AbstractClientHttpRequest.execute(AbstractClientHttpRequest.java:80) ~[spring-web-7.0.8.jar:7.0.8]
	at org.springframework.http.client.AbstractBufferingClientHttpRequest.executeWithRequestAndBody(AbstractBufferingClientHttpRequest.java:89) ~[spring-web-7.0.8.jar:7.0.8]
	at org.springframework.http.client.InterceptingClientHttpRequest$EndOfChainRequestExecution.execute(InterceptingClientHttpRequest.java:102) ~[spring-web-7.0.8.jar:7.0.8]
	at org.springframework.cloud.netflix.eureka.http.RestClientTransportClientFactory.lambda$newClient$2(RestClientTransportClientFactory.java:98) ~[spring-cloud-netflix-eureka-client-5.0.2.jar:5.0.2]
	at org.springframework.http.client.ClientHttpRequestInterceptor.lambda$apply$0(ClientHttpRequestInterceptor.java:89) ~[spring-web-7.0.8.jar:7.0.8]
	at org.springframework.http.client.InterceptingClientHttpRequest.executeInternal(InterceptingClientHttpRequest.java:73) ~[spring-web-7.0.8.jar:7.0.8]
	at org.springframework.http.client.AbstractBufferingClientHttpRequest.executeInternal(AbstractBufferingClientHttpRequest.java:50) ~[spring-web-7.0.8.jar:7.0.8]
	at org.springframework.http.client.AbstractClientHttpRequest.execute(AbstractClientHttpRequest.java:80) ~[spring-web-7.0.8.jar:7.0.8]
	at org.springframework.web.client.DefaultRestClient$DefaultRequestBodyUriSpec.exchangeInternal(DefaultRestClient.java:614) ~[spring-web-7.0.8.jar:7.0.8]
	... 39 common frames omitted

2026-08-27T17:50:12.926-03:00  WARN 21918 --- [apigateway] [SpringApplicationShutdownHook] c.n.d.s.t.d.RetryableEurekaHttpClient    : Request execution failed with message: I/O error on DELETE request for "http://localhost:8761/eureka/apps/APIGATEWAY/192.168.0.39:apigateway:8765": Connect to http://localhost:8761 failed: Conexão recusada
2026-08-27T17:50:12.931-03:00  INFO 21918 --- [apigateway] [SpringApplicationShutdownHook] c.n.d.s.t.d.RedirectingEurekaHttpClient  : Request execution error. endpoint=DefaultEndpoint{ serviceUrl='http://localhost:8761/eureka/}, exception=I/O error on DELETE request for "http://localhost:8761/eureka/apps/APIGATEWAY/192.168.0.39:apigateway:8765": Connect to http://localhost:8761 failed: Conexão recusada

org.springframework.web.client.ResourceAccessException: I/O error on DELETE request for "http://localhost:8761/eureka/apps/APIGATEWAY/192.168.0.39:apigateway:8765": Connect to http://localhost:8761 failed: Conexão recusada
	at org.springframework.web.client.DefaultRestClient$DefaultRequestBodyUriSpec.createResourceAccessException(DefaultRestClient.java:779) ~[spring-web-7.0.8.jar:7.0.8]
	at org.springframework.web.client.DefaultRestClient$DefaultRequestBodyUriSpec.exchangeInternal(DefaultRestClient.java:624) ~[spring-web-7.0.8.jar:7.0.8]
	at org.springframework.web.client.DefaultRestClient$DefaultRequestBodyUriSpec.exchange(DefaultRestClient.java:572) ~[spring-web-7.0.8.jar:7.0.8]
	at org.springframework.web.client.RestClient$RequestHeadersSpec.exchange(RestClient.java:747) ~[spring-web-7.0.8.jar:7.0.8]
	at org.springframework.web.client.DefaultRestClient$DefaultResponseSpec.executeAndExtract(DefaultRestClient.java:924) ~[spring-web-7.0.8.jar:7.0.8]
	at org.springframework.web.client.DefaultRestClient$DefaultResponseSpec.toBodilessEntity(DefaultRestClient.java:888) ~[spring-web-7.0.8.jar:7.0.8]
	at org.springframework.cloud.netflix.eureka.http.RestClientEurekaHttpClient.cancel(RestClientEurekaHttpClient.java:73) ~[spring-cloud-netflix-eureka-client-5.0.2.jar:5.0.2]
	at com.netflix.discovery.shared.transport.decorator.EurekaHttpClientDecorator$2.execute(EurekaHttpClientDecorator.java:74) ~[eureka-client-2.0.6.jar:2.0.6]
	at com.netflix.discovery.shared.transport.decorator.RedirectingEurekaHttpClient.executeOnNewServer(RedirectingEurekaHttpClient.java:120) ~[eureka-client-2.0.6.jar:2.0.6]
	at com.netflix.discovery.shared.transport.decorator.RedirectingEurekaHttpClient.execute(RedirectingEurekaHttpClient.java:79) ~[eureka-client-2.0.6.jar:2.0.6]
	at com.netflix.discovery.shared.transport.decorator.EurekaHttpClientDecorator.cancel(EurekaHttpClientDecorator.java:71) ~[eureka-client-2.0.6.jar:2.0.6]
	at com.netflix.discovery.shared.transport.decorator.EurekaHttpClientDecorator$2.execute(EurekaHttpClientDecorator.java:74) ~[eureka-client-2.0.6.jar:2.0.6]
	at com.netflix.discovery.shared.transport.decorator.RetryableEurekaHttpClient.execute(RetryableEurekaHttpClient.java:120) ~[eureka-client-2.0.6.jar:2.0.6]
	at com.netflix.discovery.shared.transport.decorator.EurekaHttpClientDecorator.cancel(EurekaHttpClientDecorator.java:71) ~[eureka-client-2.0.6.jar:2.0.6]
	at com.netflix.discovery.shared.transport.decorator.EurekaHttpClientDecorator$2.execute(EurekaHttpClientDecorator.java:74) ~[eureka-client-2.0.6.jar:2.0.6]
	at com.netflix.discovery.shared.transport.decorator.SessionedEurekaHttpClient.execute(SessionedEurekaHttpClient.java:76) ~[eureka-client-2.0.6.jar:2.0.6]
	at com.netflix.discovery.shared.transport.decorator.EurekaHttpClientDecorator.cancel(EurekaHttpClientDecorator.java:71) ~[eureka-client-2.0.6.jar:2.0.6]
	at com.netflix.discovery.DiscoveryClient.unregister(DiscoveryClient.java:934) ~[eureka-client-2.0.6.jar:2.0.6]
	at com.netflix.discovery.DiscoveryClient.shutdown(DiscoveryClient.java:915) ~[eureka-client-2.0.6.jar:2.0.6]
	at java.base/jdk.internal.reflect.DirectMethodHandleAccessor.invoke(DirectMethodHandleAccessor.java:104) ~[na:na]
	at java.base/java.lang.reflect.Method.invoke(Method.java:565) ~[na:na]
	at org.springframework.beans.factory.annotation.InitDestroyAnnotationBeanPostProcessor$LifecycleMethod.invoke(InitDestroyAnnotationBeanPostProcessor.java:453) ~[spring-beans-7.0.8.jar:7.0.8]
	at org.springframework.beans.factory.annotation.InitDestroyAnnotationBeanPostProcessor$LifecycleMetadata.invokeDestroyMethods(InitDestroyAnnotationBeanPostProcessor.java:411) ~[spring-beans-7.0.8.jar:7.0.8]
	at org.springframework.beans.factory.annotation.InitDestroyAnnotationBeanPostProcessor.postProcessBeforeDestruction(InitDestroyAnnotationBeanPostProcessor.java:237) ~[spring-beans-7.0.8.jar:7.0.8]
	at org.springframework.beans.factory.support.DisposableBeanAdapter.destroy(DisposableBeanAdapter.java:200) ~[spring-beans-7.0.8.jar:7.0.8]
	at org.springframework.beans.factory.support.DisposableBeanAdapter.run(DisposableBeanAdapter.java:193) ~[spring-beans-7.0.8.jar:7.0.8]
	at org.springframework.cloud.context.scope.GenericScope$BeanLifecycleWrapper.destroy(GenericScope.java:387) ~[spring-cloud-context-5.0.2.jar:5.0.2]
	at org.springframework.cloud.context.scope.GenericScope.destroy(GenericScope.java:134) ~[spring-cloud-context-5.0.2.jar:5.0.2]
	at org.springframework.beans.factory.support.DisposableBeanAdapter.destroy(DisposableBeanAdapter.java:209) ~[spring-beans-7.0.8.jar:7.0.8]
	at org.springframework.beans.factory.support.DefaultSingletonBeanRegistry.destroyBean(DefaultSingletonBeanRegistry.java:795) ~[spring-beans-7.0.8.jar:7.0.8]
	at org.springframework.beans.factory.support.DefaultSingletonBeanRegistry.destroySingleton(DefaultSingletonBeanRegistry.java:745) ~[spring-beans-7.0.8.jar:7.0.8]
	at org.springframework.beans.factory.support.DefaultListableBeanFactory.destroySingleton(DefaultListableBeanFactory.java:1507) ~[spring-beans-7.0.8.jar:7.0.8]
	at org.springframework.beans.factory.support.DefaultSingletonBeanRegistry.destroySingletons(DefaultSingletonBeanRegistry.java:704) ~[spring-beans-7.0.8.jar:7.0.8]
	at org.springframework.beans.factory.support.DefaultListableBeanFactory.destroySingletons(DefaultListableBeanFactory.java:1500) ~[spring-beans-7.0.8.jar:7.0.8]
	at org.springframework.context.support.AbstractApplicationContext.destroyBeans(AbstractApplicationContext.java:1246) ~[spring-context-7.0.8.jar:7.0.8]
	at org.springframework.context.support.AbstractApplicationContext.doClose(AbstractApplicationContext.java:1207) ~[spring-context-7.0.8.jar:7.0.8]
	at org.springframework.boot.web.server.reactive.context.ReactiveWebServerApplicationContext.doClose(ReactiveWebServerApplicationContext.java:158) ~[spring-boot-web-server-4.1.0.jar:4.1.0]
	at org.springframework.context.support.AbstractApplicationContext.close(AbstractApplicationContext.java:1153) ~[spring-context-7.0.8.jar:7.0.8]
	at org.springframework.boot.SpringApplicationShutdownHook.closeAndWait(SpringApplicationShutdownHook.java:147) ~[spring-boot-4.1.0.jar:4.1.0]
	at java.base/java.lang.Iterable.forEach(Iterable.java:75) ~[na:na]
	at org.springframework.boot.SpringApplicationShutdownHook.run(SpringApplicationShutdownHook.java:116) ~[spring-boot-4.1.0.jar:4.1.0]
	at java.base/java.lang.Thread.run(Thread.java:1474) ~[na:na]
Caused by: org.apache.hc.client5.http.HttpHostConnectException: Connect to http://localhost:8761 failed: Conexão recusada
	at java.base/sun.nio.ch.Net.pollConnect(Native Method) ~[na:na]
	at java.base/sun.nio.ch.Net.pollConnectNow(Net.java:639) ~[na:na]
	at java.base/sun.nio.ch.NioSocketImpl.timedFinishConnect(NioSocketImpl.java:543) ~[na:na]
	at java.base/sun.nio.ch.NioSocketImpl.connect(NioSocketImpl.java:594) ~[na:na]
	at java.base/java.net.SocksSocketImpl.connect(SocksSocketImpl.java:284) ~[na:na]
	at java.base/java.net.Socket.connect(Socket.java:659) ~[na:na]
	at org.apache.hc.client5.http.impl.io.DefaultHttpClientConnectionOperator.connect(DefaultHttpClientConnectionOperator.java:219) ~[httpclient5-5.6.1.jar:5.6.1]
	at org.apache.hc.client5.http.impl.io.PoolingHttpClientConnectionManager.connect(PoolingHttpClientConnectionManager.java:547) ~[httpclient5-5.6.1.jar:5.6.1]
	at org.apache.hc.client5.http.impl.classic.InternalExecRuntime.connectEndpoint(InternalExecRuntime.java:164) ~[httpclient5-5.6.1.jar:5.6.1]
	at org.apache.hc.client5.http.impl.classic.InternalExecRuntime.connectEndpoint(InternalExecRuntime.java:174) ~[httpclient5-5.6.1.jar:5.6.1]
	at org.apache.hc.client5.http.impl.classic.ConnectExec.execute(ConnectExec.java:144) ~[httpclient5-5.6.1.jar:5.6.1]
	at org.apache.hc.client5.http.impl.classic.ExecChainElement.execute(ExecChainElement.java:51) ~[httpclient5-5.6.1.jar:5.6.1]
	at org.apache.hc.client5.http.impl.classic.ProtocolExec.execute(ProtocolExec.java:192) ~[httpclient5-5.6.1.jar:5.6.1]
	at org.apache.hc.client5.http.impl.classic.ExecChainElement.execute(ExecChainElement.java:51) ~[httpclient5-5.6.1.jar:5.6.1]
	at org.apache.hc.client5.http.impl.classic.ContentCompressionExec.execute(ContentCompressionExec.java:138) ~[httpclient5-5.6.1.jar:5.6.1]
	at org.apache.hc.client5.http.impl.classic.ExecChainElement.execute(ExecChainElement.java:51) ~[httpclient5-5.6.1.jar:5.6.1]
	at org.apache.hc.client5.http.impl.classic.HttpRequestRetryExec.execute(HttpRequestRetryExec.java:112) ~[httpclient5-5.6.1.jar:5.6.1]
	at org.apache.hc.client5.http.impl.classic.ExecChainElement.execute(ExecChainElement.java:51) ~[httpclient5-5.6.1.jar:5.6.1]
	at org.apache.hc.client5.http.impl.classic.RedirectExec.execute(RedirectExec.java:110) ~[httpclient5-5.6.1.jar:5.6.1]
	at org.apache.hc.client5.http.impl.classic.ExecChainElement.execute(ExecChainElement.java:51) ~[httpclient5-5.6.1.jar:5.6.1]
	at org.apache.hc.client5.http.impl.classic.InternalHttpClient.doExecute(InternalHttpClient.java:185) ~[httpclient5-5.6.1.jar:5.6.1]
	at org.apache.hc.client5.http.impl.classic.CloseableHttpClient.execute(CloseableHttpClient.java:87) ~[httpclient5-5.6.1.jar:5.6.1]
	at org.apache.hc.client5.http.impl.classic.CloseableHttpClient.execute(CloseableHttpClient.java:55) ~[httpclient5-5.6.1.jar:5.6.1]
	at org.apache.hc.client5.http.classic.HttpClient.executeOpen(HttpClient.java:183) ~[httpclient5-5.6.1.jar:5.6.1]
	at org.springframework.http.client.HttpComponentsClientHttpRequest.executeInternal(HttpComponentsClientHttpRequest.java:99) ~[spring-web-7.0.8.jar:7.0.8]
	at org.springframework.http.client.AbstractStreamingClientHttpRequest.executeInternal(AbstractStreamingClientHttpRequest.java:87) ~[spring-web-7.0.8.jar:7.0.8]
	at org.springframework.http.client.AbstractClientHttpRequest.execute(AbstractClientHttpRequest.java:80) ~[spring-web-7.0.8.jar:7.0.8]
	at org.springframework.http.client.AbstractBufferingClientHttpRequest.executeWithRequestAndBody(AbstractBufferingClientHttpRequest.java:89) ~[spring-web-7.0.8.jar:7.0.8]
	at org.springframework.http.client.InterceptingClientHttpRequest$EndOfChainRequestExecution.execute(InterceptingClientHttpRequest.java:102) ~[spring-web-7.0.8.jar:7.0.8]
	at org.springframework.cloud.netflix.eureka.http.RestClientTransportClientFactory.lambda$newClient$2(RestClientTransportClientFactory.java:98) ~[spring-cloud-netflix-eureka-client-5.0.2.jar:5.0.2]
	at org.springframework.http.client.ClientHttpRequestInterceptor.lambda$apply$0(ClientHttpRequestInterceptor.java:89) ~[spring-web-7.0.8.jar:7.0.8]
	at org.springframework.http.client.InterceptingClientHttpRequest.executeInternal(InterceptingClientHttpRequest.java:73) ~[spring-web-7.0.8.jar:7.0.8]
	at org.springframework.http.client.AbstractBufferingClientHttpRequest.executeInternal(AbstractBufferingClientHttpRequest.java:50) ~[spring-web-7.0.8.jar:7.0.8]
	at org.springframework.http.client.AbstractClientHttpRequest.execute(AbstractClientHttpRequest.java:80) ~[spring-web-7.0.8.jar:7.0.8]
	at org.springframework.web.client.DefaultRestClient$DefaultRequestBodyUriSpec.exchangeInternal(DefaultRestClient.java:614) ~[spring-web-7.0.8.jar:7.0.8]
	... 40 common frames omitted

2026-08-27T17:50:12.934-03:00  WARN 21918 --- [apigateway] [SpringApplicationShutdownHook] c.n.d.s.t.d.RetryableEurekaHttpClient    : Request execution failed with message: I/O error on DELETE request for "http://localhost:8761/eureka/apps/APIGATEWAY/192.168.0.39:apigateway:8765": Connect to http://localhost:8761 failed: Conexão recusada
2026-08-27T17:50:12.934-03:00 ERROR 21918 --- [apigateway] [SpringApplicationShutdownHook] com.netflix.discovery.DiscoveryClient    : DiscoveryClient_APIGATEWAY/192.168.0.39:apigateway:8765 - de-registration failedCannot execute request on any known server

com.netflix.discovery.shared.transport.TransportException: Cannot execute request on any known server
	at com.netflix.discovery.shared.transport.decorator.RetryableEurekaHttpClient.execute(RetryableEurekaHttpClient.java:112) ~[eureka-client-2.0.6.jar:2.0.6]
	at com.netflix.discovery.shared.transport.decorator.EurekaHttpClientDecorator.cancel(EurekaHttpClientDecorator.java:71) ~[eureka-client-2.0.6.jar:2.0.6]
	at com.netflix.discovery.shared.transport.decorator.EurekaHttpClientDecorator$2.execute(EurekaHttpClientDecorator.java:74) ~[eureka-client-2.0.6.jar:2.0.6]
	at com.netflix.discovery.shared.transport.decorator.SessionedEurekaHttpClient.execute(SessionedEurekaHttpClient.java:76) ~[eureka-client-2.0.6.jar:2.0.6]
	at com.netflix.discovery.shared.transport.decorator.EurekaHttpClientDecorator.cancel(EurekaHttpClientDecorator.java:71) ~[eureka-client-2.0.6.jar:2.0.6]
	at com.netflix.discovery.DiscoveryClient.unregister(DiscoveryClient.java:934) ~[eureka-client-2.0.6.jar:2.0.6]
	at com.netflix.discovery.DiscoveryClient.shutdown(DiscoveryClient.java:915) ~[eureka-client-2.0.6.jar:2.0.6]
	at java.base/jdk.internal.reflect.DirectMethodHandleAccessor.invoke(DirectMethodHandleAccessor.java:104) ~[na:na]
	at java.base/java.lang.reflect.Method.invoke(Method.java:565) ~[na:na]
	at org.springframework.beans.factory.annotation.InitDestroyAnnotationBeanPostProcessor$LifecycleMethod.invoke(InitDestroyAnnotationBeanPostProcessor.java:453) ~[spring-beans-7.0.8.jar:7.0.8]
	at org.springframework.beans.factory.annotation.InitDestroyAnnotationBeanPostProcessor$LifecycleMetadata.invokeDestroyMethods(InitDestroyAnnotationBeanPostProcessor.java:411) ~[spring-beans-7.0.8.jar:7.0.8]
	at org.springframework.beans.factory.annotation.InitDestroyAnnotationBeanPostProcessor.postProcessBeforeDestruction(InitDestroyAnnotationBeanPostProcessor.java:237) ~[spring-beans-7.0.8.jar:7.0.8]
	at org.springframework.beans.factory.support.DisposableBeanAdapter.destroy(DisposableBeanAdapter.java:200) ~[spring-beans-7.0.8.jar:7.0.8]
	at org.springframework.beans.factory.support.DisposableBeanAdapter.run(DisposableBeanAdapter.java:193) ~[spring-beans-7.0.8.jar:7.0.8]
	at org.springframework.cloud.context.scope.GenericScope$BeanLifecycleWrapper.destroy(GenericScope.java:387) ~[spring-cloud-context-5.0.2.jar:5.0.2]
	at org.springframework.cloud.context.scope.GenericScope.destroy(GenericScope.java:134) ~[spring-cloud-context-5.0.2.jar:5.0.2]
	at org.springframework.beans.factory.support.DisposableBeanAdapter.destroy(DisposableBeanAdapter.java:209) ~[spring-beans-7.0.8.jar:7.0.8]
	at org.springframework.beans.factory.support.DefaultSingletonBeanRegistry.destroyBean(DefaultSingletonBeanRegistry.java:795) ~[spring-beans-7.0.8.jar:7.0.8]
	at org.springframework.beans.factory.support.DefaultSingletonBeanRegistry.destroySingleton(DefaultSingletonBeanRegistry.java:745) ~[spring-beans-7.0.8.jar:7.0.8]
	at org.springframework.beans.factory.support.DefaultListableBeanFactory.destroySingleton(DefaultListableBeanFactory.java:1507) ~[spring-beans-7.0.8.jar:7.0.8]
	at org.springframework.beans.factory.support.DefaultSingletonBeanRegistry.destroySingletons(DefaultSingletonBeanRegistry.java:704) ~[spring-beans-7.0.8.jar:7.0.8]
	at org.springframework.beans.factory.support.DefaultListableBeanFactory.destroySingletons(DefaultListableBeanFactory.java:1500) ~[spring-beans-7.0.8.jar:7.0.8]
	at org.springframework.context.support.AbstractApplicationContext.destroyBeans(AbstractApplicationContext.java:1246) ~[spring-context-7.0.8.jar:7.0.8]
	at org.springframework.context.support.AbstractApplicationContext.doClose(AbstractApplicationContext.java:1207) ~[spring-context-7.0.8.jar:7.0.8]
	at org.springframework.boot.web.server.reactive.context.ReactiveWebServerApplicationContext.doClose(ReactiveWebServerApplicationContext.java:158) ~[spring-boot-web-server-4.1.0.jar:4.1.0]
	at org.springframework.context.support.AbstractApplicationContext.close(AbstractApplicationContext.java:1153) ~[spring-context-7.0.8.jar:7.0.8]
	at org.springframework.boot.SpringApplicationShutdownHook.closeAndWait(SpringApplicationShutdownHook.java:147) ~[spring-boot-4.1.0.jar:4.1.0]
	at java.base/java.lang.Iterable.forEach(Iterable.java:75) ~[na:na]
	at org.springframework.boot.SpringApplicationShutdownHook.run(SpringApplicationShutdownHook.java:116) ~[spring-boot-4.1.0.jar:4.1.0]
	at java.base/java.lang.Thread.run(Thread.java:1474) ~[na:na]

2026-08-27T17:50:12.935-03:00  INFO 21918 --- [apigateway] [SpringApplicationShutdownHook] com.netflix.discovery.DiscoveryClient    : Completed shut down of DiscoveryClient
2026-08-27T17:50:28.334-03:00  INFO 27001 --- [apigateway] [restartedMain] c.l.apigateway.ApigatewayApplication     : Starting ApigatewayApplication using Java 25 with PID 27001 (/home/kelu/ranga/spring-microservice/apigateway/target/classes started by kelu in /home/kelu/ranga/spring-microservice/apigateway)
2026-08-27T17:50:28.338-03:00  INFO 27001 --- [apigateway] [restartedMain] c.l.apigateway.ApigatewayApplication     : No active profile set, falling back to 1 default profile: "default"
2026-08-27T17:50:28.408-03:00  INFO 27001 --- [apigateway] [restartedMain] o.s.c.c.c.ConfigServerConfigDataLoader   : Fetching config from server at : http://localhost:8888
2026-08-27T17:50:28.409-03:00  INFO 27001 --- [apigateway] [restartedMain] o.s.c.c.c.ConfigServerConfigDataLoader   : Exception on Url - http://localhost:8888:org.springframework.web.client.ResourceAccessException: I/O error on GET request for "http://localhost:8888/apigateway/default": Conexão recusada. Will be trying the next url if available
2026-08-27T17:50:28.409-03:00  WARN 27001 --- [apigateway] [restartedMain] o.s.c.c.c.ConfigServerConfigDataLoader   : Could not locate PropertySource ([ConfigServerConfigDataResource@78c2bff1 uris = array<String>['http://localhost:8888'], optional = true, profiles = 'default']): I/O error on GET request for "http://localhost:8888/apigateway/default": Conexão recusada
2026-08-27T17:50:28.411-03:00  INFO 27001 --- [apigateway] [restartedMain] o.s.c.c.c.ConfigServerConfigDataLoader   : Fetching config from server at : http://localhost:8888
2026-08-27T17:50:28.411-03:00  INFO 27001 --- [apigateway] [restartedMain] o.s.c.c.c.ConfigServerConfigDataLoader   : Exception on Url - http://localhost:8888:org.springframework.web.client.ResourceAccessException: I/O error on GET request for "http://localhost:8888/apigateway/default": Conexão recusada. Will be trying the next url if available
2026-08-27T17:50:28.411-03:00  WARN 27001 --- [apigateway] [restartedMain] o.s.c.c.c.ConfigServerConfigDataLoader   : Could not locate PropertySource ([ConfigServerConfigDataResource@31f2781 uris = array<String>['http://localhost:8888'], optional = true, profiles = 'default']): I/O error on GET request for "http://localhost:8888/apigateway/default": Conexão recusada
2026-08-27T17:50:28.412-03:00  INFO 27001 --- [apigateway] [restartedMain] o.s.c.c.c.ConfigServerConfigDataLoader   : Fetching config from server at : http://localhost:8888
2026-08-27T17:50:28.412-03:00  INFO 27001 --- [apigateway] [restartedMain] o.s.c.c.c.ConfigServerConfigDataLoader   : Exception on Url - http://localhost:8888:org.springframework.web.client.ResourceAccessException: I/O error on GET request for "http://localhost:8888/apigateway/default": Conexão recusada. Will be trying the next url if available
2026-08-27T17:50:28.413-03:00  WARN 27001 --- [apigateway] [restartedMain] o.s.c.c.c.ConfigServerConfigDataLoader   : Could not locate PropertySource ([ConfigServerConfigDataResource@2b891b99 uris = array<String>['http://localhost:8888'], optional = true, profiles = 'default']): I/O error on GET request for "http://localhost:8888/apigateway/default": Conexão recusada
2026-08-27T17:50:28.416-03:00  INFO 27001 --- [apigateway] [restartedMain] .e.DevToolsPropertyDefaultsPostProcessor : Devtools property defaults active! Set 'spring.devtools.add-properties' to 'false' to disable
2026-08-27T17:50:29.849-03:00  INFO 27001 --- [apigateway] [restartedMain] o.s.cloud.context.scope.GenericScope     : BeanFactory id=1c3a243d-a081-3e90-86c6-ff04a2503f1e
2026-08-27T17:50:30.802-03:00  WARN 27001 --- [apigateway] [restartedMain] o.h.v.i.m.a.CascadingMetaDataBuilder     : HV000271: Using `@Valid` on a container (java.util.List) is deprecated. You should apply the annotation on the type argument(s). Affected element: routes
2026-08-27T17:50:30.955-03:00  INFO 27001 --- [apigateway] [restartedMain] o.s.c.g.r.RouteDefinitionRouteLocator    : Loaded RoutePredicateFactory [After]
2026-08-27T17:50:30.956-03:00  INFO 27001 --- [apigateway] [restartedMain] o.s.c.g.r.RouteDefinitionRouteLocator    : Loaded RoutePredicateFactory [Before]
2026-08-27T17:50:30.956-03:00  INFO 27001 --- [apigateway] [restartedMain] o.s.c.g.r.RouteDefinitionRouteLocator    : Loaded RoutePredicateFactory [Between]
2026-08-27T17:50:30.956-03:00  INFO 27001 --- [apigateway] [restartedMain] o.s.c.g.r.RouteDefinitionRouteLocator    : Loaded RoutePredicateFactory [Cookie]
2026-08-27T17:50:30.957-03:00  INFO 27001 --- [apigateway] [restartedMain] o.s.c.g.r.RouteDefinitionRouteLocator    : Loaded RoutePredicateFactory [Header]
2026-08-27T17:50:30.957-03:00  INFO 27001 --- [apigateway] [restartedMain] o.s.c.g.r.RouteDefinitionRouteLocator    : Loaded RoutePredicateFactory [Host]
2026-08-27T17:50:30.957-03:00  INFO 27001 --- [apigateway] [restartedMain] o.s.c.g.r.RouteDefinitionRouteLocator    : Loaded RoutePredicateFactory [Method]
2026-08-27T17:50:30.957-03:00  INFO 27001 --- [apigateway] [restartedMain] o.s.c.g.r.RouteDefinitionRouteLocator    : Loaded RoutePredicateFactory [Path]
2026-08-27T17:50:30.958-03:00  INFO 27001 --- [apigateway] [restartedMain] o.s.c.g.r.RouteDefinitionRouteLocator    : Loaded RoutePredicateFactory [Query]
2026-08-27T17:50:30.958-03:00  INFO 27001 --- [apigateway] [restartedMain] o.s.c.g.r.RouteDefinitionRouteLocator    : Loaded RoutePredicateFactory [ReadBody]
2026-08-27T17:50:30.958-03:00  INFO 27001 --- [apigateway] [restartedMain] o.s.c.g.r.RouteDefinitionRouteLocator    : Loaded RoutePredicateFactory [RemoteAddr]
2026-08-27T17:50:30.958-03:00  INFO 27001 --- [apigateway] [restartedMain] o.s.c.g.r.RouteDefinitionRouteLocator    : Loaded RoutePredicateFactory [Version]
2026-08-27T17:50:30.958-03:00  INFO 27001 --- [apigateway] [restartedMain] o.s.c.g.r.RouteDefinitionRouteLocator    : Loaded RoutePredicateFactory [XForwardedRemoteAddr]
2026-08-27T17:50:30.959-03:00  INFO 27001 --- [apigateway] [restartedMain] o.s.c.g.r.RouteDefinitionRouteLocator    : Loaded RoutePredicateFactory [Weight]
2026-08-27T17:50:30.959-03:00  INFO 27001 --- [apigateway] [restartedMain] o.s.c.g.r.RouteDefinitionRouteLocator    : Loaded RoutePredicateFactory [CloudFoundryRouteService]
2026-08-27T17:50:31.258-03:00  INFO 27001 --- [apigateway] [restartedMain] o.s.b.a.e.web.EndpointLinksResolver      : Exposing 1 endpoint beneath base path '/actuator'
2026-08-27T17:50:31.487-03:00  INFO 27001 --- [apigateway] [restartedMain] DiscoveryClientOptionalArgsConfiguration : Eureka HTTP Client uses RestClient.
2026-08-27T17:50:31.520-03:00  WARN 27001 --- [apigateway] [restartedMain] iguration$LoadBalancerCaffeineWarnLogger : Spring Cloud LoadBalancer is currently working with the default cache. While this cache implementation is useful for development and tests, it's recommended to use Caffeine cache in production.You can switch to using Caffeine cache, by adding it and org.springframework.cache.caffeine.CaffeineCacheManager to the classpath.
2026-08-27T17:50:31.590-03:00  INFO 27001 --- [apigateway] [restartedMain] o.s.c.n.eureka.InstanceInfoFactory       : Setting initial instance status as: STARTING
2026-08-27T17:50:31.622-03:00  INFO 27001 --- [apigateway] [restartedMain] com.netflix.discovery.DiscoveryClient    : Initializing Eureka in region us-east-1
2026-08-27T17:50:31.626-03:00  INFO 27001 --- [apigateway] [restartedMain] c.n.d.s.r.aws.ConfigClusterResolver      : Resolving eureka endpoints via configuration
2026-08-27T17:50:31.635-03:00  INFO 27001 --- [apigateway] [restartedMain] com.netflix.discovery.DiscoveryClient    : Disable delta property : false
2026-08-27T17:50:31.635-03:00  INFO 27001 --- [apigateway] [restartedMain] com.netflix.discovery.DiscoveryClient    : Single vip registry refresh property : null
2026-08-27T17:50:31.636-03:00  INFO 27001 --- [apigateway] [restartedMain] com.netflix.discovery.DiscoveryClient    : Force full registry fetch : false
2026-08-27T17:50:31.636-03:00  INFO 27001 --- [apigateway] [restartedMain] com.netflix.discovery.DiscoveryClient    : Application is null : false
2026-08-27T17:50:31.636-03:00  INFO 27001 --- [apigateway] [restartedMain] com.netflix.discovery.DiscoveryClient    : Registered Applications size is zero : true
2026-08-27T17:50:31.636-03:00  INFO 27001 --- [apigateway] [restartedMain] com.netflix.discovery.DiscoveryClient    : Application version is -1: true
2026-08-27T17:50:31.636-03:00  INFO 27001 --- [apigateway] [restartedMain] com.netflix.discovery.DiscoveryClient    : Getting all instance registry info from the eureka server
2026-08-27T17:50:31.876-03:00  INFO 27001 --- [apigateway] [restartedMain] c.n.d.s.t.d.RedirectingEurekaHttpClient  : Request execution error. endpoint=DefaultEndpoint{ serviceUrl='http://localhost:8761/eureka/}, exception=I/O error on GET request for "http://localhost:8761/eureka/apps/": Connect to http://localhost:8761 failed: Conexão recusada

org.springframework.web.client.ResourceAccessException: I/O error on GET request for "http://localhost:8761/eureka/apps/": Connect to http://localhost:8761 failed: Conexão recusada
	at org.springframework.web.client.DefaultRestClient$DefaultRequestBodyUriSpec.createResourceAccessException(DefaultRestClient.java:779) ~[spring-web-7.0.8.jar:7.0.8]
	at org.springframework.web.client.DefaultRestClient$DefaultRequestBodyUriSpec.exchangeInternal(DefaultRestClient.java:624) ~[spring-web-7.0.8.jar:7.0.8]
	at org.springframework.web.client.DefaultRestClient$DefaultRequestBodyUriSpec.exchange(DefaultRestClient.java:572) ~[spring-web-7.0.8.jar:7.0.8]
	at org.springframework.web.client.RestClient$RequestHeadersSpec.exchange(RestClient.java:747) ~[spring-web-7.0.8.jar:7.0.8]
	at org.springframework.web.client.DefaultRestClient$DefaultResponseSpec.executeAndExtract(DefaultRestClient.java:924) ~[spring-web-7.0.8.jar:7.0.8]
	at org.springframework.web.client.DefaultRestClient$DefaultResponseSpec.toEntityInternal(DefaultRestClient.java:870) ~[spring-web-7.0.8.jar:7.0.8]
	at org.springframework.web.client.DefaultRestClient$DefaultResponseSpec.toEntity(DefaultRestClient.java:859) ~[spring-web-7.0.8.jar:7.0.8]
	at org.springframework.cloud.netflix.eureka.http.RestClientEurekaHttpClient.getApplicationsInternal(RestClientEurekaHttpClient.java:201) ~[spring-cloud-netflix-eureka-client-5.0.2.jar:5.0.2]
	at org.springframework.cloud.netflix.eureka.http.RestClientEurekaHttpClient.getApplications(RestClientEurekaHttpClient.java:137) ~[spring-cloud-netflix-eureka-client-5.0.2.jar:5.0.2]
	at com.netflix.discovery.shared.transport.decorator.EurekaHttpClientDecorator$6.execute(EurekaHttpClientDecorator.java:137) ~[eureka-client-2.0.6.jar:2.0.6]
	at com.netflix.discovery.shared.transport.decorator.RedirectingEurekaHttpClient.executeOnNewServer(RedirectingEurekaHttpClient.java:120) ~[eureka-client-2.0.6.jar:2.0.6]
	at com.netflix.discovery.shared.transport.decorator.RedirectingEurekaHttpClient.execute(RedirectingEurekaHttpClient.java:79) ~[eureka-client-2.0.6.jar:2.0.6]
	at com.netflix.discovery.shared.transport.decorator.EurekaHttpClientDecorator.getApplications(EurekaHttpClientDecorator.java:134) ~[eureka-client-2.0.6.jar:2.0.6]
	at com.netflix.discovery.shared.transport.decorator.EurekaHttpClientDecorator$6.execute(EurekaHttpClientDecorator.java:137) ~[eureka-client-2.0.6.jar:2.0.6]
	at com.netflix.discovery.shared.transport.decorator.RetryableEurekaHttpClient.execute(RetryableEurekaHttpClient.java:120) ~[eureka-client-2.0.6.jar:2.0.6]
	at com.netflix.discovery.shared.transport.decorator.EurekaHttpClientDecorator.getApplications(EurekaHttpClientDecorator.java:134) ~[eureka-client-2.0.6.jar:2.0.6]
	at com.netflix.discovery.shared.transport.decorator.EurekaHttpClientDecorator$6.execute(EurekaHttpClientDecorator.java:137) ~[eureka-client-2.0.6.jar:2.0.6]
	at com.netflix.discovery.shared.transport.decorator.SessionedEurekaHttpClient.execute(SessionedEurekaHttpClient.java:76) ~[eureka-client-2.0.6.jar:2.0.6]
	at com.netflix.discovery.shared.transport.decorator.EurekaHttpClientDecorator.getApplications(EurekaHttpClientDecorator.java:134) ~[eureka-client-2.0.6.jar:2.0.6]
	at com.netflix.discovery.DiscoveryClient.getAndStoreFullRegistry(DiscoveryClient.java:1061) ~[eureka-client-2.0.6.jar:2.0.6]
	at com.netflix.discovery.DiscoveryClient.fetchRegistry(DiscoveryClient.java:976) ~[eureka-client-2.0.6.jar:2.0.6]
	at com.netflix.discovery.DiscoveryClient.<init>(DiscoveryClient.java:419) ~[eureka-client-2.0.6.jar:2.0.6]
	at com.netflix.discovery.DiscoveryClient.<init>(DiscoveryClient.java:254) ~[eureka-client-2.0.6.jar:2.0.6]
	at com.netflix.discovery.DiscoveryClient.<init>(DiscoveryClient.java:249) ~[eureka-client-2.0.6.jar:2.0.6]
	at org.springframework.cloud.netflix.eureka.CloudEurekaClient.<init>(CloudEurekaClient.java:68) ~[spring-cloud-netflix-eureka-client-5.0.2.jar:5.0.2]
	at org.springframework.cloud.netflix.eureka.EurekaClientAutoConfiguration$RefreshableEurekaClientConfiguration.eurekaClient(EurekaClientAutoConfiguration.java:324) ~[spring-cloud-netflix-eureka-client-5.0.2.jar:5.0.2]
	at java.base/jdk.internal.reflect.DirectMethodHandleAccessor.invoke(DirectMethodHandleAccessor.java:104) ~[na:na]
	at java.base/java.lang.reflect.Method.invoke(Method.java:565) ~[na:na]
	at org.springframework.beans.factory.support.SimpleInstantiationStrategy.lambda$instantiate$0(SimpleInstantiationStrategy.java:155) ~[spring-beans-7.0.8.jar:7.0.8]
	at org.springframework.beans.factory.support.SimpleInstantiationStrategy.instantiateWithFactoryMethod(SimpleInstantiationStrategy.java:72) ~[spring-beans-7.0.8.jar:7.0.8]
	at org.springframework.beans.factory.support.SimpleInstantiationStrategy.instantiate(SimpleInstantiationStrategy.java:152) ~[spring-beans-7.0.8.jar:7.0.8]
	at org.springframework.beans.factory.support.ConstructorResolver.instantiate(ConstructorResolver.java:653) ~[spring-beans-7.0.8.jar:7.0.8]
	at org.springframework.beans.factory.support.ConstructorResolver.instantiateUsingFactoryMethod(ConstructorResolver.java:645) ~[spring-beans-7.0.8.jar:7.0.8]
	at org.springframework.beans.factory.support.AbstractAutowireCapableBeanFactory.instantiateUsingFactoryMethod(AbstractAutowireCapableBeanFactory.java:1360) ~[spring-beans-7.0.8.jar:7.0.8]
	at org.springframework.beans.factory.support.AbstractAutowireCapableBeanFactory.createBeanInstance(AbstractAutowireCapableBeanFactory.java:1192) ~[spring-beans-7.0.8.jar:7.0.8]
	at org.springframework.beans.factory.support.AbstractAutowireCapableBeanFactory.doCreateBean(AbstractAutowireCapableBeanFactory.java:565) ~[spring-beans-7.0.8.jar:7.0.8]
	at org.springframework.beans.factory.support.AbstractAutowireCapableBeanFactory.createBean(AbstractAutowireCapableBeanFactory.java:525) ~[spring-beans-7.0.8.jar:7.0.8]
	at org.springframework.beans.factory.support.AbstractBeanFactory.lambda$doGetBean$1(AbstractBeanFactory.java:372) ~[spring-beans-7.0.8.jar:7.0.8]
	at org.springframework.cloud.context.scope.GenericScope$BeanLifecycleWrapper.getBean(GenericScope.java:373) ~[spring-cloud-context-5.0.2.jar:5.0.2]
	at org.springframework.cloud.context.scope.GenericScope.get(GenericScope.java:177) ~[spring-cloud-context-5.0.2.jar:5.0.2]
	at org.springframework.beans.factory.support.AbstractBeanFactory.doGetBean(AbstractBeanFactory.java:369) ~[spring-beans-7.0.8.jar:7.0.8]
	at org.springframework.beans.factory.support.AbstractBeanFactory.getBean(AbstractBeanFactory.java:196) ~[spring-beans-7.0.8.jar:7.0.8]
	at org.springframework.aop.target.SimpleBeanTargetSource.getTarget(SimpleBeanTargetSource.java:35) ~[spring-aop-7.0.8.jar:7.0.8]
	at org.springframework.cloud.netflix.eureka.serviceregistry.EurekaRegistration.getTargetObject(EurekaRegistration.java:128) ~[spring-cloud-netflix-eureka-client-5.0.2.jar:5.0.2]
	at org.springframework.cloud.netflix.eureka.serviceregistry.EurekaRegistration.getEurekaClient(EurekaRegistration.java:116) ~[spring-cloud-netflix-eureka-client-5.0.2.jar:5.0.2]
	at java.base/jdk.internal.reflect.DirectMethodHandleAccessor.invoke(DirectMethodHandleAccessor.java:104) ~[na:na]
	at java.base/java.lang.reflect.Method.invoke(Method.java:565) ~[na:na]
	at org.springframework.util.ReflectionUtils.invokeMethod(ReflectionUtils.java:281) ~[spring-core-7.0.8.jar:7.0.8]
	at org.springframework.cloud.context.scope.GenericScope$LockedScopedProxyFactoryBean.invoke(GenericScope.java:480) ~[spring-cloud-context-5.0.2.jar:5.0.2]
	at org.springframework.aop.framework.ReflectiveMethodInvocation.proceed(ReflectiveMethodInvocation.java:179) ~[spring-aop-7.0.8.jar:7.0.8]
	at org.springframework.aop.framework.CglibAopProxy$DynamicAdvisedInterceptor.intercept(CglibAopProxy.java:719) ~[spring-aop-7.0.8.jar:7.0.8]
	at org.springframework.cloud.netflix.eureka.serviceregistry.EurekaRegistration$$SpringCGLIB$$0.getEurekaClient(<generated>) ~[spring-cloud-netflix-eureka-client-5.0.2.jar:na]
	at org.springframework.cloud.netflix.eureka.serviceregistry.EurekaServiceRegistry.maybeInitializeClient(EurekaServiceRegistry.java:83) ~[spring-cloud-netflix-eureka-client-5.0.2.jar:5.0.2]
	at org.springframework.cloud.netflix.eureka.serviceregistry.EurekaServiceRegistry.register(EurekaServiceRegistry.java:66) ~[spring-cloud-netflix-eureka-client-5.0.2.jar:5.0.2]
	at org.springframework.cloud.netflix.eureka.serviceregistry.EurekaAutoServiceRegistration.start(EurekaAutoServiceRegistration.java:89) ~[spring-cloud-netflix-eureka-client-5.0.2.jar:5.0.2]
	at org.springframework.context.support.DefaultLifecycleProcessor.doStart(DefaultLifecycleProcessor.java:420) ~[spring-context-7.0.8.jar:7.0.8]
	at org.springframework.context.support.DefaultLifecycleProcessor.doStart(DefaultLifecycleProcessor.java:409) ~[spring-context-7.0.8.jar:7.0.8]
	at org.springframework.context.support.DefaultLifecycleProcessor$LifecycleGroup.start(DefaultLifecycleProcessor.java:613) ~[spring-context-7.0.8.jar:7.0.8]
	at java.base/java.lang.Iterable.forEach(Iterable.java:75) ~[na:na]
	at org.springframework.context.support.DefaultLifecycleProcessor.startBeans(DefaultLifecycleProcessor.java:379) ~[spring-context-7.0.8.jar:7.0.8]
	at org.springframework.context.support.DefaultLifecycleProcessor.onRefresh(DefaultLifecycleProcessor.java:306) ~[spring-context-7.0.8.jar:7.0.8]
	at org.springframework.context.support.AbstractApplicationContext.finishRefresh(AbstractApplicationContext.java:1013) ~[spring-context-7.0.8.jar:7.0.8]
	at org.springframework.context.support.AbstractApplicationContext.refresh(AbstractApplicationContext.java:624) ~[spring-context-7.0.8.jar:7.0.8]
	at org.springframework.boot.web.server.reactive.context.ReactiveWebServerApplicationContext.refresh(ReactiveWebServerApplicationContext.java:69) ~[spring-boot-web-server-4.1.0.jar:4.1.0]
	at org.springframework.boot.SpringApplication.refresh(SpringApplication.java:756) ~[spring-boot-4.1.0.jar:4.1.0]
	at org.springframework.boot.SpringApplication.refreshContext(SpringApplication.java:445) ~[spring-boot-4.1.0.jar:4.1.0]
	at org.springframework.boot.SpringApplication.run(SpringApplication.java:321) ~[spring-boot-4.1.0.jar:4.1.0]
	at org.springframework.boot.SpringApplication.run(SpringApplication.java:1365) ~[spring-boot-4.1.0.jar:4.1.0]
	at org.springframework.boot.SpringApplication.run(SpringApplication.java:1354) ~[spring-boot-4.1.0.jar:4.1.0]
	at com.luciano.apigateway.ApigatewayApplication.main(ApigatewayApplication.java:10) ~[classes/:na]
	at java.base/jdk.internal.reflect.DirectMethodHandleAccessor.invoke(DirectMethodHandleAccessor.java:104) ~[na:na]
	at java.base/java.lang.reflect.Method.invoke(Method.java:565) ~[na:na]
	at org.springframework.boot.devtools.restart.RestartLauncher.run(RestartLauncher.java:52) ~[spring-boot-devtools-4.1.0.jar:4.1.0]
Caused by: org.apache.hc.client5.http.HttpHostConnectException: Connect to http://localhost:8761 failed: Conexão recusada
	at java.base/sun.nio.ch.Net.pollConnect(Native Method) ~[na:na]
	at java.base/sun.nio.ch.Net.pollConnectNow(Net.java:639) ~[na:na]
	at java.base/sun.nio.ch.NioSocketImpl.timedFinishConnect(NioSocketImpl.java:543) ~[na:na]
	at java.base/sun.nio.ch.NioSocketImpl.connect(NioSocketImpl.java:594) ~[na:na]
	at java.base/java.net.SocksSocketImpl.connect(SocksSocketImpl.java:284) ~[na:na]
	at java.base/java.net.Socket.connect(Socket.java:659) ~[na:na]
	at org.apache.hc.client5.http.impl.io.DefaultHttpClientConnectionOperator.connect(DefaultHttpClientConnectionOperator.java:219) ~[httpclient5-5.6.1.jar:5.6.1]
	at org.apache.hc.client5.http.impl.io.PoolingHttpClientConnectionManager.connect(PoolingHttpClientConnectionManager.java:547) ~[httpclient5-5.6.1.jar:5.6.1]
	at org.apache.hc.client5.http.impl.classic.InternalExecRuntime.connectEndpoint(InternalExecRuntime.java:164) ~[httpclient5-5.6.1.jar:5.6.1]
	at org.apache.hc.client5.http.impl.classic.InternalExecRuntime.connectEndpoint(InternalExecRuntime.java:174) ~[httpclient5-5.6.1.jar:5.6.1]
	at org.apache.hc.client5.http.impl.classic.ConnectExec.execute(ConnectExec.java:144) ~[httpclient5-5.6.1.jar:5.6.1]
	at org.apache.hc.client5.http.impl.classic.ExecChainElement.execute(ExecChainElement.java:51) ~[httpclient5-5.6.1.jar:5.6.1]
	at org.apache.hc.client5.http.impl.classic.ProtocolExec.execute(ProtocolExec.java:192) ~[httpclient5-5.6.1.jar:5.6.1]
	at org.apache.hc.client5.http.impl.classic.ExecChainElement.execute(ExecChainElement.java:51) ~[httpclient5-5.6.1.jar:5.6.1]
	at org.apache.hc.client5.http.impl.classic.ContentCompressionExec.execute(ContentCompressionExec.java:138) ~[httpclient5-5.6.1.jar:5.6.1]
	at org.apache.hc.client5.http.impl.classic.ExecChainElement.execute(ExecChainElement.java:51) ~[httpclient5-5.6.1.jar:5.6.1]
	at org.apache.hc.client5.http.impl.classic.HttpRequestRetryExec.execute(HttpRequestRetryExec.java:112) ~[httpclient5-5.6.1.jar:5.6.1]
	at org.apache.hc.client5.http.impl.classic.ExecChainElement.execute(ExecChainElement.java:51) ~[httpclient5-5.6.1.jar:5.6.1]
	at org.apache.hc.client5.http.impl.classic.RedirectExec.execute(RedirectExec.java:110) ~[httpclient5-5.6.1.jar:5.6.1]
	at org.apache.hc.client5.http.impl.classic.ExecChainElement.execute(ExecChainElement.java:51) ~[httpclient5-5.6.1.jar:5.6.1]
	at org.apache.hc.client5.http.impl.classic.InternalHttpClient.doExecute(InternalHttpClient.java:185) ~[httpclient5-5.6.1.jar:5.6.1]
	at org.apache.hc.client5.http.impl.classic.CloseableHttpClient.execute(CloseableHttpClient.java:87) ~[httpclient5-5.6.1.jar:5.6.1]
	at org.apache.hc.client5.http.impl.classic.CloseableHttpClient.execute(CloseableHttpClient.java:55) ~[httpclient5-5.6.1.jar:5.6.1]
	at org.apache.hc.client5.http.classic.HttpClient.executeOpen(HttpClient.java:183) ~[httpclient5-5.6.1.jar:5.6.1]
	at org.springframework.http.client.HttpComponentsClientHttpRequest.executeInternal(HttpComponentsClientHttpRequest.java:99) ~[spring-web-7.0.8.jar:7.0.8]
	at org.springframework.http.client.AbstractStreamingClientHttpRequest.executeInternal(AbstractStreamingClientHttpRequest.java:87) ~[spring-web-7.0.8.jar:7.0.8]
	at org.springframework.http.client.AbstractClientHttpRequest.execute(AbstractClientHttpRequest.java:80) ~[spring-web-7.0.8.jar:7.0.8]
	at org.springframework.http.client.AbstractBufferingClientHttpRequest.executeWithRequestAndBody(AbstractBufferingClientHttpRequest.java:89) ~[spring-web-7.0.8.jar:7.0.8]
	at org.springframework.http.client.InterceptingClientHttpRequest$EndOfChainRequestExecution.execute(InterceptingClientHttpRequest.java:102) ~[spring-web-7.0.8.jar:7.0.8]
	at org.springframework.cloud.netflix.eureka.http.RestClientTransportClientFactory.lambda$newClient$2(RestClientTransportClientFactory.java:98) ~[spring-cloud-netflix-eureka-client-5.0.2.jar:5.0.2]
	at org.springframework.http.client.ClientHttpRequestInterceptor.lambda$apply$0(ClientHttpRequestInterceptor.java:89) ~[spring-web-7.0.8.jar:7.0.8]
	at org.springframework.http.client.InterceptingClientHttpRequest.executeInternal(InterceptingClientHttpRequest.java:73) ~[spring-web-7.0.8.jar:7.0.8]
	at org.springframework.http.client.AbstractBufferingClientHttpRequest.executeInternal(AbstractBufferingClientHttpRequest.java:50) ~[spring-web-7.0.8.jar:7.0.8]
	at org.springframework.http.client.AbstractClientHttpRequest.execute(AbstractClientHttpRequest.java:80) ~[spring-web-7.0.8.jar:7.0.8]
	at org.springframework.web.client.DefaultRestClient$DefaultRequestBodyUriSpec.exchangeInternal(DefaultRestClient.java:614) ~[spring-web-7.0.8.jar:7.0.8]
	... 71 common frames omitted

2026-08-27T17:50:31.883-03:00  WARN 27001 --- [apigateway] [restartedMain] c.n.d.s.t.d.RetryableEurekaHttpClient    : Request execution failed with message: I/O error on GET request for "http://localhost:8761/eureka/apps/": Connect to http://localhost:8761 failed: Conexão recusada
2026-08-27T17:50:31.883-03:00  INFO 27001 --- [apigateway] [restartedMain] com.netflix.discovery.DiscoveryClient    : DiscoveryClient_APIGATEWAY/192.168.0.39:apigateway:8765 - was unable to refresh its cache! This periodic background refresh will be retried in 30 seconds. status = Cannot execute request on any known server

com.netflix.discovery.shared.transport.TransportException: Cannot execute request on any known server
	at com.netflix.discovery.shared.transport.decorator.RetryableEurekaHttpClient.execute(RetryableEurekaHttpClient.java:112) ~[eureka-client-2.0.6.jar:2.0.6]
	at com.netflix.discovery.shared.transport.decorator.EurekaHttpClientDecorator.getApplications(EurekaHttpClientDecorator.java:134) ~[eureka-client-2.0.6.jar:2.0.6]
	at com.netflix.discovery.shared.transport.decorator.EurekaHttpClientDecorator$6.execute(EurekaHttpClientDecorator.java:137) ~[eureka-client-2.0.6.jar:2.0.6]
	at com.netflix.discovery.shared.transport.decorator.SessionedEurekaHttpClient.execute(SessionedEurekaHttpClient.java:76) ~[eureka-client-2.0.6.jar:2.0.6]
	at com.netflix.discovery.shared.transport.decorator.EurekaHttpClientDecorator.getApplications(EurekaHttpClientDecorator.java:134) ~[eureka-client-2.0.6.jar:2.0.6]
	at com.netflix.discovery.DiscoveryClient.getAndStoreFullRegistry(DiscoveryClient.java:1061) ~[eureka-client-2.0.6.jar:2.0.6]
	at com.netflix.discovery.DiscoveryClient.fetchRegistry(DiscoveryClient.java:976) ~[eureka-client-2.0.6.jar:2.0.6]
	at com.netflix.discovery.DiscoveryClient.<init>(DiscoveryClient.java:419) ~[eureka-client-2.0.6.jar:2.0.6]
	at com.netflix.discovery.DiscoveryClient.<init>(DiscoveryClient.java:254) ~[eureka-client-2.0.6.jar:2.0.6]
	at com.netflix.discovery.DiscoveryClient.<init>(DiscoveryClient.java:249) ~[eureka-client-2.0.6.jar:2.0.6]
	at org.springframework.cloud.netflix.eureka.CloudEurekaClient.<init>(CloudEurekaClient.java:68) ~[spring-cloud-netflix-eureka-client-5.0.2.jar:5.0.2]
	at org.springframework.cloud.netflix.eureka.EurekaClientAutoConfiguration$RefreshableEurekaClientConfiguration.eurekaClient(EurekaClientAutoConfiguration.java:324) ~[spring-cloud-netflix-eureka-client-5.0.2.jar:5.0.2]
	at java.base/jdk.internal.reflect.DirectMethodHandleAccessor.invoke(DirectMethodHandleAccessor.java:104) ~[na:na]
	at java.base/java.lang.reflect.Method.invoke(Method.java:565) ~[na:na]
	at org.springframework.beans.factory.support.SimpleInstantiationStrategy.lambda$instantiate$0(SimpleInstantiationStrategy.java:155) ~[spring-beans-7.0.8.jar:7.0.8]
	at org.springframework.beans.factory.support.SimpleInstantiationStrategy.instantiateWithFactoryMethod(SimpleInstantiationStrategy.java:72) ~[spring-beans-7.0.8.jar:7.0.8]
	at org.springframework.beans.factory.support.SimpleInstantiationStrategy.instantiate(SimpleInstantiationStrategy.java:152) ~[spring-beans-7.0.8.jar:7.0.8]
	at org.springframework.beans.factory.support.ConstructorResolver.instantiate(ConstructorResolver.java:653) ~[spring-beans-7.0.8.jar:7.0.8]
	at org.springframework.beans.factory.support.ConstructorResolver.instantiateUsingFactoryMethod(ConstructorResolver.java:645) ~[spring-beans-7.0.8.jar:7.0.8]
	at org.springframework.beans.factory.support.AbstractAutowireCapableBeanFactory.instantiateUsingFactoryMethod(AbstractAutowireCapableBeanFactory.java:1360) ~[spring-beans-7.0.8.jar:7.0.8]
	at org.springframework.beans.factory.support.AbstractAutowireCapableBeanFactory.createBeanInstance(AbstractAutowireCapableBeanFactory.java:1192) ~[spring-beans-7.0.8.jar:7.0.8]
	at org.springframework.beans.factory.support.AbstractAutowireCapableBeanFactory.doCreateBean(AbstractAutowireCapableBeanFactory.java:565) ~[spring-beans-7.0.8.jar:7.0.8]
	at org.springframework.beans.factory.support.AbstractAutowireCapableBeanFactory.createBean(AbstractAutowireCapableBeanFactory.java:525) ~[spring-beans-7.0.8.jar:7.0.8]
	at org.springframework.beans.factory.support.AbstractBeanFactory.lambda$doGetBean$1(AbstractBeanFactory.java:372) ~[spring-beans-7.0.8.jar:7.0.8]
	at org.springframework.cloud.context.scope.GenericScope$BeanLifecycleWrapper.getBean(GenericScope.java:373) ~[spring-cloud-context-5.0.2.jar:5.0.2]
	at org.springframework.cloud.context.scope.GenericScope.get(GenericScope.java:177) ~[spring-cloud-context-5.0.2.jar:5.0.2]
	at org.springframework.beans.factory.support.AbstractBeanFactory.doGetBean(AbstractBeanFactory.java:369) ~[spring-beans-7.0.8.jar:7.0.8]
	at org.springframework.beans.factory.support.AbstractBeanFactory.getBean(AbstractBeanFactory.java:196) ~[spring-beans-7.0.8.jar:7.0.8]
	at org.springframework.aop.target.SimpleBeanTargetSource.getTarget(SimpleBeanTargetSource.java:35) ~[spring-aop-7.0.8.jar:7.0.8]
	at org.springframework.cloud.netflix.eureka.serviceregistry.EurekaRegistration.getTargetObject(EurekaRegistration.java:128) ~[spring-cloud-netflix-eureka-client-5.0.2.jar:5.0.2]
	at org.springframework.cloud.netflix.eureka.serviceregistry.EurekaRegistration.getEurekaClient(EurekaRegistration.java:116) ~[spring-cloud-netflix-eureka-client-5.0.2.jar:5.0.2]
	at java.base/jdk.internal.reflect.DirectMethodHandleAccessor.invoke(DirectMethodHandleAccessor.java:104) ~[na:na]
	at java.base/java.lang.reflect.Method.invoke(Method.java:565) ~[na:na]
	at org.springframework.util.ReflectionUtils.invokeMethod(ReflectionUtils.java:281) ~[spring-core-7.0.8.jar:7.0.8]
	at org.springframework.cloud.context.scope.GenericScope$LockedScopedProxyFactoryBean.invoke(GenericScope.java:480) ~[spring-cloud-context-5.0.2.jar:5.0.2]
	at org.springframework.aop.framework.ReflectiveMethodInvocation.proceed(ReflectiveMethodInvocation.java:179) ~[spring-aop-7.0.8.jar:7.0.8]
	at org.springframework.aop.framework.CglibAopProxy$DynamicAdvisedInterceptor.intercept(CglibAopProxy.java:719) ~[spring-aop-7.0.8.jar:7.0.8]
	at org.springframework.cloud.netflix.eureka.serviceregistry.EurekaRegistration$$SpringCGLIB$$0.getEurekaClient(<generated>) ~[spring-cloud-netflix-eureka-client-5.0.2.jar:na]
	at org.springframework.cloud.netflix.eureka.serviceregistry.EurekaServiceRegistry.maybeInitializeClient(EurekaServiceRegistry.java:83) ~[spring-cloud-netflix-eureka-client-5.0.2.jar:5.0.2]
	at org.springframework.cloud.netflix.eureka.serviceregistry.EurekaServiceRegistry.register(EurekaServiceRegistry.java:66) ~[spring-cloud-netflix-eureka-client-5.0.2.jar:5.0.2]
	at org.springframework.cloud.netflix.eureka.serviceregistry.EurekaAutoServiceRegistration.start(EurekaAutoServiceRegistration.java:89) ~[spring-cloud-netflix-eureka-client-5.0.2.jar:5.0.2]
	at org.springframework.context.support.DefaultLifecycleProcessor.doStart(DefaultLifecycleProcessor.java:420) ~[spring-context-7.0.8.jar:7.0.8]
	at org.springframework.context.support.DefaultLifecycleProcessor.doStart(DefaultLifecycleProcessor.java:409) ~[spring-context-7.0.8.jar:7.0.8]
	at org.springframework.context.support.DefaultLifecycleProcessor$LifecycleGroup.start(DefaultLifecycleProcessor.java:613) ~[spring-context-7.0.8.jar:7.0.8]
	at java.base/java.lang.Iterable.forEach(Iterable.java:75) ~[na:na]
	at org.springframework.context.support.DefaultLifecycleProcessor.startBeans(DefaultLifecycleProcessor.java:379) ~[spring-context-7.0.8.jar:7.0.8]
	at org.springframework.context.support.DefaultLifecycleProcessor.onRefresh(DefaultLifecycleProcessor.java:306) ~[spring-context-7.0.8.jar:7.0.8]
	at org.springframework.context.support.AbstractApplicationContext.finishRefresh(AbstractApplicationContext.java:1013) ~[spring-context-7.0.8.jar:7.0.8]
	at org.springframework.context.support.AbstractApplicationContext.refresh(AbstractApplicationContext.java:624) ~[spring-context-7.0.8.jar:7.0.8]
	at org.springframework.boot.web.server.reactive.context.ReactiveWebServerApplicationContext.refresh(ReactiveWebServerApplicationContext.java:69) ~[spring-boot-web-server-4.1.0.jar:4.1.0]
	at org.springframework.boot.SpringApplication.refresh(SpringApplication.java:756) ~[spring-boot-4.1.0.jar:4.1.0]
	at org.springframework.boot.SpringApplication.refreshContext(SpringApplication.java:445) ~[spring-boot-4.1.0.jar:4.1.0]
	at org.springframework.boot.SpringApplication.run(SpringApplication.java:321) ~[spring-boot-4.1.0.jar:4.1.0]
	at org.springframework.boot.SpringApplication.run(SpringApplication.java:1365) ~[spring-boot-4.1.0.jar:4.1.0]
	at org.springframework.boot.SpringApplication.run(SpringApplication.java:1354) ~[spring-boot-4.1.0.jar:4.1.0]
	at com.luciano.apigateway.ApigatewayApplication.main(ApigatewayApplication.java:10) ~[classes/:na]
	at java.base/jdk.internal.reflect.DirectMethodHandleAccessor.invoke(DirectMethodHandleAccessor.java:104) ~[na:na]
	at java.base/java.lang.reflect.Method.invoke(Method.java:565) ~[na:na]
	at org.springframework.boot.devtools.restart.RestartLauncher.run(RestartLauncher.java:52) ~[spring-boot-devtools-4.1.0.jar:4.1.0]

2026-08-27T17:50:31.885-03:00  INFO 27001 --- [apigateway] [restartedMain] com.netflix.discovery.DiscoveryClient    : Initial registry fetch from primary servers failed
2026-08-27T17:50:31.885-03:00  WARN 27001 --- [apigateway] [restartedMain] com.netflix.discovery.DiscoveryClient    : Using default backup registry implementation which does not do anything.
2026-08-27T17:50:31.886-03:00  INFO 27001 --- [apigateway] [restartedMain] com.netflix.discovery.DiscoveryClient    : Initial registry fetch from backup servers failed
2026-08-27T17:50:31.887-03:00  INFO 27001 --- [apigateway] [restartedMain] com.netflix.discovery.DiscoveryClient    : Starting heartbeat executor: renew interval is: 30
2026-08-27T17:50:31.888-03:00  INFO 27001 --- [apigateway] [restartedMain] c.n.discovery.InstanceInfoReplicator     : InstanceInfoReplicator onDemand update allowed rate per min is 4
2026-08-27T17:50:31.890-03:00  INFO 27001 --- [apigateway] [restartedMain] com.netflix.discovery.DiscoveryClient    : Discovery Client initialized at timestamp 1787863831889 with initial instances count: 0
2026-08-27T17:50:31.894-03:00  INFO 27001 --- [apigateway] [restartedMain] o.s.c.n.e.s.EurekaServiceRegistry        : Registering application APIGATEWAY with eureka with status UP
2026-08-27T17:50:31.895-03:00  INFO 27001 --- [apigateway] [restartedMain] com.netflix.discovery.DiscoveryClient    : Saw local status change event StatusChangeEvent [timestamp=1787863831895, current=UP, previous=STARTING]
2026-08-27T17:50:31.897-03:00  INFO 27001 --- [apigateway] [DiscoveryClient-InstanceInfoReplicator-%d] com.netflix.discovery.DiscoveryClient    : DiscoveryClient_APIGATEWAY/192.168.0.39:apigateway:8765: registering service...
2026-08-27T17:50:31.928-03:00 DEBUG 27001 --- [apigateway] [restartedMain] o.s.c.g.filter.GatewayMetricsFilter      : New routes count: 0
2026-08-27T17:50:31.996-03:00  INFO 27001 --- [apigateway] [DiscoveryClient-InstanceInfoReplicator-%d] c.n.d.s.t.d.RedirectingEurekaHttpClient  : Request execution error. endpoint=DefaultEndpoint{ serviceUrl='http://localhost:8761/eureka/}, exception=I/O error on POST request for "http://localhost:8761/eureka/apps/APIGATEWAY": Connect to http://localhost:8761 failed: Conexão recusada

org.springframework.web.client.ResourceAccessException: I/O error on POST request for "http://localhost:8761/eureka/apps/APIGATEWAY": Connect to http://localhost:8761 failed: Conexão recusada
	at org.springframework.web.client.DefaultRestClient$DefaultRequestBodyUriSpec.createResourceAccessException(DefaultRestClient.java:779) ~[spring-web-7.0.8.jar:7.0.8]
	at org.springframework.web.client.DefaultRestClient$DefaultRequestBodyUriSpec.exchangeInternal(DefaultRestClient.java:624) ~[spring-web-7.0.8.jar:7.0.8]
	at org.springframework.web.client.DefaultRestClient$DefaultRequestBodyUriSpec.exchange(DefaultRestClient.java:572) ~[spring-web-7.0.8.jar:7.0.8]
	at org.springframework.web.client.RestClient$RequestHeadersSpec.exchange(RestClient.java:747) ~[spring-web-7.0.8.jar:7.0.8]
	at org.springframework.web.client.DefaultRestClient$DefaultResponseSpec.executeAndExtract(DefaultRestClient.java:924) ~[spring-web-7.0.8.jar:7.0.8]
	at org.springframework.web.client.DefaultRestClient$DefaultResponseSpec.toBodilessEntity(DefaultRestClient.java:888) ~[spring-web-7.0.8.jar:7.0.8]
	at org.springframework.cloud.netflix.eureka.http.RestClientEurekaHttpClient.register(RestClientEurekaHttpClient.java:64) ~[spring-cloud-netflix-eureka-client-5.0.2.jar:5.0.2]
	at com.netflix.discovery.shared.transport.decorator.EurekaHttpClientDecorator$1.execute(EurekaHttpClientDecorator.java:59) ~[eureka-client-2.0.6.jar:2.0.6]
	at com.netflix.discovery.shared.transport.decorator.RedirectingEurekaHttpClient.executeOnNewServer(RedirectingEurekaHttpClient.java:120) ~[eureka-client-2.0.6.jar:2.0.6]
	at com.netflix.discovery.shared.transport.decorator.RedirectingEurekaHttpClient.execute(RedirectingEurekaHttpClient.java:79) ~[eureka-client-2.0.6.jar:2.0.6]
	at com.netflix.discovery.shared.transport.decorator.EurekaHttpClientDecorator.register(EurekaHttpClientDecorator.java:56) ~[eureka-client-2.0.6.jar:2.0.6]
	at com.netflix.discovery.shared.transport.decorator.EurekaHttpClientDecorator$1.execute(EurekaHttpClientDecorator.java:59) ~[eureka-client-2.0.6.jar:2.0.6]
	at com.netflix.discovery.shared.transport.decorator.RetryableEurekaHttpClient.execute(RetryableEurekaHttpClient.java:120) ~[eureka-client-2.0.6.jar:2.0.6]
	at com.netflix.discovery.shared.transport.decorator.EurekaHttpClientDecorator.register(EurekaHttpClientDecorator.java:56) ~[eureka-client-2.0.6.jar:2.0.6]
	at com.netflix.discovery.shared.transport.decorator.EurekaHttpClientDecorator$1.execute(EurekaHttpClientDecorator.java:59) ~[eureka-client-2.0.6.jar:2.0.6]
	at com.netflix.discovery.shared.transport.decorator.SessionedEurekaHttpClient.execute(SessionedEurekaHttpClient.java:76) ~[eureka-client-2.0.6.jar:2.0.6]
	at com.netflix.discovery.shared.transport.decorator.EurekaHttpClientDecorator.register(EurekaHttpClientDecorator.java:56) ~[eureka-client-2.0.6.jar:2.0.6]
	at com.netflix.discovery.DiscoveryClient.register(DiscoveryClient.java:843) ~[eureka-client-2.0.6.jar:2.0.6]
	at com.netflix.discovery.InstanceInfoReplicator.run(InstanceInfoReplicator.java:125) ~[eureka-client-2.0.6.jar:2.0.6]
	at com.netflix.discovery.InstanceInfoReplicator$2.run(InstanceInfoReplicator.java:105) ~[eureka-client-2.0.6.jar:2.0.6]
	at java.base/java.util.concurrent.Executors$RunnableAdapter.call(Executors.java:545) ~[na:na]
	at java.base/java.util.concurrent.FutureTask.run(FutureTask.java:328) ~[na:na]
	at java.base/java.util.concurrent.ScheduledThreadPoolExecutor$ScheduledFutureTask.run(ScheduledThreadPoolExecutor.java:309) ~[na:na]
	at java.base/java.util.concurrent.ThreadPoolExecutor.runWorker(ThreadPoolExecutor.java:1090) ~[na:na]
	at java.base/java.util.concurrent.ThreadPoolExecutor$Worker.run(ThreadPoolExecutor.java:614) ~[na:na]
	at java.base/java.lang.Thread.run(Thread.java:1474) ~[na:na]
Caused by: org.apache.hc.client5.http.HttpHostConnectException: Connect to http://localhost:8761 failed: Conexão recusada
	at java.base/sun.nio.ch.Net.pollConnect(Native Method) ~[na:na]
	at java.base/sun.nio.ch.Net.pollConnectNow(Net.java:639) ~[na:na]
	at java.base/sun.nio.ch.NioSocketImpl.timedFinishConnect(NioSocketImpl.java:543) ~[na:na]
	at java.base/sun.nio.ch.NioSocketImpl.connect(NioSocketImpl.java:594) ~[na:na]
	at java.base/java.net.SocksSocketImpl.connect(SocksSocketImpl.java:284) ~[na:na]
	at java.base/java.net.Socket.connect(Socket.java:659) ~[na:na]
	at org.apache.hc.client5.http.impl.io.DefaultHttpClientConnectionOperator.connect(DefaultHttpClientConnectionOperator.java:219) ~[httpclient5-5.6.1.jar:5.6.1]
	at org.apache.hc.client5.http.impl.io.PoolingHttpClientConnectionManager.connect(PoolingHttpClientConnectionManager.java:547) ~[httpclient5-5.6.1.jar:5.6.1]
	at org.apache.hc.client5.http.impl.classic.InternalExecRuntime.connectEndpoint(InternalExecRuntime.java:164) ~[httpclient5-5.6.1.jar:5.6.1]
	at org.apache.hc.client5.http.impl.classic.InternalExecRuntime.connectEndpoint(InternalExecRuntime.java:174) ~[httpclient5-5.6.1.jar:5.6.1]
	at org.apache.hc.client5.http.impl.classic.ConnectExec.execute(ConnectExec.java:144) ~[httpclient5-5.6.1.jar:5.6.1]
	at org.apache.hc.client5.http.impl.classic.ExecChainElement.execute(ExecChainElement.java:51) ~[httpclient5-5.6.1.jar:5.6.1]
	at org.apache.hc.client5.http.impl.classic.ProtocolExec.execute(ProtocolExec.java:192) ~[httpclient5-5.6.1.jar:5.6.1]
	at org.apache.hc.client5.http.impl.classic.ExecChainElement.execute(ExecChainElement.java:51) ~[httpclient5-5.6.1.jar:5.6.1]
	at org.apache.hc.client5.http.impl.classic.ContentCompressionExec.execute(ContentCompressionExec.java:138) ~[httpclient5-5.6.1.jar:5.6.1]
	at org.apache.hc.client5.http.impl.classic.ExecChainElement.execute(ExecChainElement.java:51) ~[httpclient5-5.6.1.jar:5.6.1]
	at org.apache.hc.client5.http.impl.classic.HttpRequestRetryExec.execute(HttpRequestRetryExec.java:112) ~[httpclient5-5.6.1.jar:5.6.1]
	at org.apache.hc.client5.http.impl.classic.ExecChainElement.execute(ExecChainElement.java:51) ~[httpclient5-5.6.1.jar:5.6.1]
	at org.apache.hc.client5.http.impl.classic.RedirectExec.execute(RedirectExec.java:110) ~[httpclient5-5.6.1.jar:5.6.1]
	at org.apache.hc.client5.http.impl.classic.ExecChainElement.execute(ExecChainElement.java:51) ~[httpclient5-5.6.1.jar:5.6.1]
	at org.apache.hc.client5.http.impl.classic.InternalHttpClient.doExecute(InternalHttpClient.java:185) ~[httpclient5-5.6.1.jar:5.6.1]
	at org.apache.hc.client5.http.impl.classic.CloseableHttpClient.execute(CloseableHttpClient.java:87) ~[httpclient5-5.6.1.jar:5.6.1]
	at org.apache.hc.client5.http.impl.classic.CloseableHttpClient.execute(CloseableHttpClient.java:55) ~[httpclient5-5.6.1.jar:5.6.1]
	at org.apache.hc.client5.http.classic.HttpClient.executeOpen(HttpClient.java:183) ~[httpclient5-5.6.1.jar:5.6.1]
	at org.springframework.http.client.HttpComponentsClientHttpRequest.executeInternal(HttpComponentsClientHttpRequest.java:99) ~[spring-web-7.0.8.jar:7.0.8]
	at org.springframework.http.client.AbstractStreamingClientHttpRequest.executeInternal(AbstractStreamingClientHttpRequest.java:87) ~[spring-web-7.0.8.jar:7.0.8]
	at org.springframework.http.client.AbstractClientHttpRequest.execute(AbstractClientHttpRequest.java:80) ~[spring-web-7.0.8.jar:7.0.8]
	at org.springframework.http.client.AbstractBufferingClientHttpRequest.executeWithRequestAndBody(AbstractBufferingClientHttpRequest.java:89) ~[spring-web-7.0.8.jar:7.0.8]
	at org.springframework.http.client.InterceptingClientHttpRequest$EndOfChainRequestExecution.execute(InterceptingClientHttpRequest.java:102) ~[spring-web-7.0.8.jar:7.0.8]
	at org.springframework.cloud.netflix.eureka.http.RestClientTransportClientFactory.lambda$newClient$2(RestClientTransportClientFactory.java:98) ~[spring-cloud-netflix-eureka-client-5.0.2.jar:5.0.2]
	at org.springframework.http.client.ClientHttpRequestInterceptor.lambda$apply$0(ClientHttpRequestInterceptor.java:89) ~[spring-web-7.0.8.jar:7.0.8]
	at org.springframework.http.client.InterceptingClientHttpRequest.executeInternal(InterceptingClientHttpRequest.java:73) ~[spring-web-7.0.8.jar:7.0.8]
	at org.springframework.http.client.AbstractBufferingClientHttpRequest.executeInternal(AbstractBufferingClientHttpRequest.java:50) ~[spring-web-7.0.8.jar:7.0.8]
	at org.springframework.http.client.AbstractClientHttpRequest.execute(AbstractClientHttpRequest.java:80) ~[spring-web-7.0.8.jar:7.0.8]
	at org.springframework.web.client.DefaultRestClient$DefaultRequestBodyUriSpec.exchangeInternal(DefaultRestClient.java:614) ~[spring-web-7.0.8.jar:7.0.8]
	... 24 common frames omitted

2026-08-27T17:50:31.999-03:00  WARN 27001 --- [apigateway] [DiscoveryClient-InstanceInfoReplicator-%d] c.n.d.s.t.d.RetryableEurekaHttpClient    : Request execution failed with message: I/O error on POST request for "http://localhost:8761/eureka/apps/APIGATEWAY": Connect to http://localhost:8761 failed: Conexão recusada
2026-08-27T17:50:32.000-03:00  WARN 27001 --- [apigateway] [DiscoveryClient-InstanceInfoReplicator-%d] com.netflix.discovery.DiscoveryClient    : DiscoveryClient_APIGATEWAY/192.168.0.39:apigateway:8765 - registration failed Cannot execute request on any known server

com.netflix.discovery.shared.transport.TransportException: Cannot execute request on any known server
	at com.netflix.discovery.shared.transport.decorator.RetryableEurekaHttpClient.execute(RetryableEurekaHttpClient.java:112) ~[eureka-client-2.0.6.jar:2.0.6]
	at com.netflix.discovery.shared.transport.decorator.EurekaHttpClientDecorator.register(EurekaHttpClientDecorator.java:56) ~[eureka-client-2.0.6.jar:2.0.6]
	at com.netflix.discovery.shared.transport.decorator.EurekaHttpClientDecorator$1.execute(EurekaHttpClientDecorator.java:59) ~[eureka-client-2.0.6.jar:2.0.6]
	at com.netflix.discovery.shared.transport.decorator.SessionedEurekaHttpClient.execute(SessionedEurekaHttpClient.java:76) ~[eureka-client-2.0.6.jar:2.0.6]
	at com.netflix.discovery.shared.transport.decorator.EurekaHttpClientDecorator.register(EurekaHttpClientDecorator.java:56) ~[eureka-client-2.0.6.jar:2.0.6]
	at com.netflix.discovery.DiscoveryClient.register(DiscoveryClient.java:843) ~[eureka-client-2.0.6.jar:2.0.6]
	at com.netflix.discovery.InstanceInfoReplicator.run(InstanceInfoReplicator.java:125) ~[eureka-client-2.0.6.jar:2.0.6]
	at com.netflix.discovery.InstanceInfoReplicator$2.run(InstanceInfoReplicator.java:105) ~[eureka-client-2.0.6.jar:2.0.6]
	at java.base/java.util.concurrent.Executors$RunnableAdapter.call(Executors.java:545) ~[na:na]
	at java.base/java.util.concurrent.FutureTask.run(FutureTask.java:328) ~[na:na]
	at java.base/java.util.concurrent.ScheduledThreadPoolExecutor$ScheduledFutureTask.run(ScheduledThreadPoolExecutor.java:309) ~[na:na]
	at java.base/java.util.concurrent.ThreadPoolExecutor.runWorker(ThreadPoolExecutor.java:1090) ~[na:na]
	at java.base/java.util.concurrent.ThreadPoolExecutor$Worker.run(ThreadPoolExecutor.java:614) ~[na:na]
	at java.base/java.lang.Thread.run(Thread.java:1474) ~[na:na]

2026-08-27T17:50:32.000-03:00  WARN 27001 --- [apigateway] [DiscoveryClient-InstanceInfoReplicator-%d] c.n.discovery.InstanceInfoReplicator     : There was a problem with the instance info replicator

com.netflix.discovery.shared.transport.TransportException: Cannot execute request on any known server
	at com.netflix.discovery.shared.transport.decorator.RetryableEurekaHttpClient.execute(RetryableEurekaHttpClient.java:112) ~[eureka-client-2.0.6.jar:2.0.6]
	at com.netflix.discovery.shared.transport.decorator.EurekaHttpClientDecorator.register(EurekaHttpClientDecorator.java:56) ~[eureka-client-2.0.6.jar:2.0.6]
	at com.netflix.discovery.shared.transport.decorator.EurekaHttpClientDecorator$1.execute(EurekaHttpClientDecorator.java:59) ~[eureka-client-2.0.6.jar:2.0.6]
	at com.netflix.discovery.shared.transport.decorator.SessionedEurekaHttpClient.execute(SessionedEurekaHttpClient.java:76) ~[eureka-client-2.0.6.jar:2.0.6]
	at com.netflix.discovery.shared.transport.decorator.EurekaHttpClientDecorator.register(EurekaHttpClientDecorator.java:56) ~[eureka-client-2.0.6.jar:2.0.6]
	at com.netflix.discovery.DiscoveryClient.register(DiscoveryClient.java:843) ~[eureka-client-2.0.6.jar:2.0.6]
	at com.netflix.discovery.InstanceInfoReplicator.run(InstanceInfoReplicator.java:125) ~[eureka-client-2.0.6.jar:2.0.6]
	at com.netflix.discovery.InstanceInfoReplicator$2.run(InstanceInfoReplicator.java:105) ~[eureka-client-2.0.6.jar:2.0.6]
	at java.base/java.util.concurrent.Executors$RunnableAdapter.call(Executors.java:545) ~[na:na]
	at java.base/java.util.concurrent.FutureTask.run(FutureTask.java:328) ~[na:na]
	at java.base/java.util.concurrent.ScheduledThreadPoolExecutor$ScheduledFutureTask.run(ScheduledThreadPoolExecutor.java:309) ~[na:na]
	at java.base/java.util.concurrent.ThreadPoolExecutor.runWorker(ThreadPoolExecutor.java:1090) ~[na:na]
	at java.base/java.util.concurrent.ThreadPoolExecutor$Worker.run(ThreadPoolExecutor.java:614) ~[na:na]
	at java.base/java.lang.Thread.run(Thread.java:1474) ~[na:na]

2026-08-27T17:50:32.044-03:00  INFO 27001 --- [apigateway] [restartedMain] o.s.boot.reactor.netty.NettyWebServer    : Netty started on port 8765 (http)
2026-08-27T17:50:32.046-03:00  INFO 27001 --- [apigateway] [restartedMain] .s.c.n.e.s.EurekaAutoServiceRegistration : Updating port to 8765
2026-08-27T17:50:32.058-03:00 DEBUG 27001 --- [apigateway] [restartedMain] o.s.c.g.filter.GatewayMetricsFilter      : New routes count: 0
2026-08-27T17:50:32.061-03:00  INFO 27001 --- [apigateway] [restartedMain] c.l.apigateway.ApigatewayApplication     : Started ApigatewayApplication in 4.77 seconds (process running for 5.639)
2026-08-27T17:51:01.887-03:00  INFO 27001 --- [apigateway] [DiscoveryClient-CacheRefreshExecutor-%d] com.netflix.discovery.DiscoveryClient    : Disable delta property : false
2026-08-27T17:51:01.887-03:00  INFO 27001 --- [apigateway] [DiscoveryClient-CacheRefreshExecutor-%d] com.netflix.discovery.DiscoveryClient    : Single vip registry refresh property : null
2026-08-27T17:51:01.888-03:00  INFO 27001 --- [apigateway] [DiscoveryClient-CacheRefreshExecutor-%d] com.netflix.discovery.DiscoveryClient    : Force full registry fetch : false
2026-08-27T17:51:01.888-03:00  INFO 27001 --- [apigateway] [DiscoveryClient-CacheRefreshExecutor-%d] com.netflix.discovery.DiscoveryClient    : Application is null : false
2026-08-27T17:51:01.888-03:00  INFO 27001 --- [apigateway] [DiscoveryClient-CacheRefreshExecutor-%d] com.netflix.discovery.DiscoveryClient    : Registered Applications size is zero : true
2026-08-27T17:51:01.888-03:00  INFO 27001 --- [apigateway] [DiscoveryClient-CacheRefreshExecutor-%d] com.netflix.discovery.DiscoveryClient    : Application version is -1: true
2026-08-27T17:51:01.888-03:00  INFO 27001 --- [apigateway] [DiscoveryClient-CacheRefreshExecutor-%d] com.netflix.discovery.DiscoveryClient    : Getting all instance registry info from the eureka server
2026-08-27T17:51:01.927-03:00  INFO 27001 --- [apigateway] [DiscoveryClient-HeartbeatExecutor-%d] com.netflix.discovery.DiscoveryClient    : DiscoveryClient_APIGATEWAY/192.168.0.39:apigateway:8765 - Re-registering apps/APIGATEWAY
2026-08-27T17:51:01.927-03:00  INFO 27001 --- [apigateway] [DiscoveryClient-HeartbeatExecutor-%d] com.netflix.discovery.DiscoveryClient    : DiscoveryClient_APIGATEWAY/192.168.0.39:apigateway:8765: registering service...
2026-08-27T17:51:01.942-03:00  INFO 27001 --- [apigateway] [DiscoveryClient-HeartbeatExecutor-%d] com.netflix.discovery.DiscoveryClient    : DiscoveryClient_APIGATEWAY/192.168.0.39:apigateway:8765 - registration status: 204
2026-08-27T17:51:02.021-03:00  INFO 27001 --- [apigateway] [DiscoveryClient-CacheRefreshExecutor-%d] com.netflix.discovery.DiscoveryClient    : The response status is 200
2026-08-27T17:51:02.038-03:00 DEBUG 27001 --- [apigateway] [DiscoveryClient-CacheRefreshExecutor-%d] o.s.c.g.r.RouteDefinitionRouteLocator    : RouteDefinition ReactiveCompositeDiscoveryClient_CONVERSAO-CORRENTE applying {pattern=/CONVERSAO-CORRENTE/**} to Path
2026-08-27T17:51:02.061-03:00 DEBUG 27001 --- [apigateway] [DiscoveryClient-CacheRefreshExecutor-%d] o.s.c.g.r.RouteDefinitionRouteLocator    : RouteDefinition ReactiveCompositeDiscoveryClient_CONVERSAO-CORRENTE applying filter {regexp=/CONVERSAO-CORRENTE/?(?<remaining>.*), replacement=/${remaining}} to RewritePath
2026-08-27T17:51:02.073-03:00 DEBUG 27001 --- [apigateway] [DiscoveryClient-CacheRefreshExecutor-%d] o.s.c.g.r.RouteDefinitionRouteLocator    : RouteDefinition matched: ReactiveCompositeDiscoveryClient_CONVERSAO-CORRENTE
2026-08-27T17:51:02.075-03:00 DEBUG 27001 --- [apigateway] [DiscoveryClient-CacheRefreshExecutor-%d] o.s.c.g.filter.GatewayMetricsFilter      : New routes count: 1
2026-08-27T17:51:08.030-03:00 DEBUG 27001 --- [apigateway] [reactor-http-epoll-2] o.s.c.g.h.RoutePredicateHandlerMapping   : Route matched: dd5f3689-f8bb-4f6c-8d63-bda3acc67028
2026-08-27T17:51:08.031-03:00 DEBUG 27001 --- [apigateway] [reactor-http-epoll-2] o.s.c.g.h.RoutePredicateHandlerMapping   : Mapping [Exchange: GET http://localhost:8765/biscoito/from/USD/to/INR/quantity/34] to Route{id='dd5f3689-f8bb-4f6c-8d63-bda3acc67028', uri=lb://CONVERSAO-ATIVA, order=0, predicate=Paths: [/biscoito/**], match trailing slash: true, gatewayFilters=[[[RewritePath /biscoito/(?<pedacoUrl>.*) = '/ativa/${pedacoUrl}'], order = 0]], metadata={}}
2026-08-27T17:51:08.031-03:00 DEBUG 27001 --- [apigateway] [reactor-http-epoll-2] o.s.c.g.h.RoutePredicateHandlerMapping   : [25c9ab8f-1] Mapped to org.springframework.cloud.gateway.handler.FilteringWebHandler@6b252510
2026-08-27T17:51:08.032-03:00 DEBUG 27001 --- [apigateway] [reactor-http-epoll-2] o.s.c.g.handler.FilteringWebHandler      : Sorted gatewayFilterFactories: [[GatewayFilterAdapter{delegate=org.springframework.cloud.gateway.filter.RemoveCachedBodyFilter@1af8576d}, order = -2147483648], [GatewayFilterAdapter{delegate=org.springframework.cloud.gateway.filter.AdaptCachedBodyGlobalFilter@67d365cf}, order = -2147482648], [GatewayFilterAdapter{delegate=org.springframework.cloud.gateway.filter.NettyWriteResponseFilter@2ce4589a}, order = -1], [GatewayFilterAdapter{delegate=org.springframework.cloud.gateway.filter.ForwardPathFilter@14a049de}, order = 0], [GatewayFilterAdapter{delegate=org.springframework.cloud.gateway.filter.GatewayMetricsFilter@54ca4377}, order = 0], [[RewritePath /biscoito/(?<pedacoUrl>.*) = '/ativa/${pedacoUrl}'], order = 0], [GatewayFilterAdapter{delegate=org.springframework.cloud.gateway.filter.RouteToRequestUrlFilter@4f4af46c}, order = 10000], [GatewayFilterAdapter{delegate=org.springframework.cloud.gateway.filter.ReactiveLoadBalancerClientFilter@516cf8cb}, order = 10150], [GatewayFilterAdapter{delegate=org.springframework.cloud.gateway.filter.LoadBalancerServiceInstanceCookieFilter@2d1f1f09}, order = 10151], [GatewayFilterAdapter{delegate=org.springframework.cloud.gateway.filter.WebsocketRoutingFilter@4cbb3718}, order = 2147483646], GatewayFilterAdapter{delegate=com.luciano.apigateway.log.Log@5ab55808}, [GatewayFilterAdapter{delegate=org.springframework.cloud.gateway.filter.NettyRoutingFilter@5c612e06}, order = 2147483647], [GatewayFilterAdapter{delegate=org.springframework.cloud.gateway.filter.ForwardRoutingFilter@1a8ee29d}, order = 2147483647]]
2026-08-27T17:51:08.112-03:00  WARN 27001 --- [apigateway] [reactor-http-epoll-2] o.s.c.l.core.RoundRobinLoadBalancer      : No servers available for service: CONVERSAO-ATIVA
2026-08-27T17:51:10.964-03:00 DEBUG 27001 --- [apigateway] [reactor-http-epoll-2] o.s.c.g.h.RoutePredicateHandlerMapping   : Route matched: dd5f3689-f8bb-4f6c-8d63-bda3acc67028
2026-08-27T17:51:10.964-03:00 DEBUG 27001 --- [apigateway] [reactor-http-epoll-2] o.s.c.g.h.RoutePredicateHandlerMapping   : Mapping [Exchange: GET http://localhost:8765/biscoito/from/USD/to/INR/quantity/34] to Route{id='dd5f3689-f8bb-4f6c-8d63-bda3acc67028', uri=lb://CONVERSAO-ATIVA, order=0, predicate=Paths: [/biscoito/**], match trailing slash: true, gatewayFilters=[[[RewritePath /biscoito/(?<pedacoUrl>.*) = '/ativa/${pedacoUrl}'], order = 0]], metadata={}}
2026-08-27T17:51:10.964-03:00 DEBUG 27001 --- [apigateway] [reactor-http-epoll-2] o.s.c.g.h.RoutePredicateHandlerMapping   : [25c9ab8f-2] Mapped to org.springframework.cloud.gateway.handler.FilteringWebHandler@6b252510
2026-08-27T17:51:10.965-03:00 DEBUG 27001 --- [apigateway] [reactor-http-epoll-2] o.s.c.g.handler.FilteringWebHandler      : Sorted gatewayFilterFactories: [[GatewayFilterAdapter{delegate=org.springframework.cloud.gateway.filter.RemoveCachedBodyFilter@1af8576d}, order = -2147483648], [GatewayFilterAdapter{delegate=org.springframework.cloud.gateway.filter.AdaptCachedBodyGlobalFilter@67d365cf}, order = -2147482648], [GatewayFilterAdapter{delegate=org.springframework.cloud.gateway.filter.NettyWriteResponseFilter@2ce4589a}, order = -1], [GatewayFilterAdapter{delegate=org.springframework.cloud.gateway.filter.ForwardPathFilter@14a049de}, order = 0], [GatewayFilterAdapter{delegate=org.springframework.cloud.gateway.filter.GatewayMetricsFilter@54ca4377}, order = 0], [[RewritePath /biscoito/(?<pedacoUrl>.*) = '/ativa/${pedacoUrl}'], order = 0], [GatewayFilterAdapter{delegate=org.springframework.cloud.gateway.filter.RouteToRequestUrlFilter@4f4af46c}, order = 10000], [GatewayFilterAdapter{delegate=org.springframework.cloud.gateway.filter.ReactiveLoadBalancerClientFilter@516cf8cb}, order = 10150], [GatewayFilterAdapter{delegate=org.springframework.cloud.gateway.filter.LoadBalancerServiceInstanceCookieFilter@2d1f1f09}, order = 10151], [GatewayFilterAdapter{delegate=org.springframework.cloud.gateway.filter.WebsocketRoutingFilter@4cbb3718}, order = 2147483646], GatewayFilterAdapter{delegate=com.luciano.apigateway.log.Log@5ab55808}, [GatewayFilterAdapter{delegate=org.springframework.cloud.gateway.filter.NettyRoutingFilter@5c612e06}, order = 2147483647], [GatewayFilterAdapter{delegate=org.springframework.cloud.gateway.filter.ForwardRoutingFilter@1a8ee29d}, order = 2147483647]]
2026-08-27T17:51:10.967-03:00  WARN 27001 --- [apigateway] [reactor-http-epoll-2] o.s.c.l.core.RoundRobinLoadBalancer      : No servers available for service: CONVERSAO-ATIVA
2026-08-27T17:51:13.656-03:00 DEBUG 27001 --- [apigateway] [reactor-http-epoll-2] o.s.c.g.h.RoutePredicateHandlerMapping   : Route matched: dd5f3689-f8bb-4f6c-8d63-bda3acc67028
2026-08-27T17:51:13.657-03:00 DEBUG 27001 --- [apigateway] [reactor-http-epoll-2] o.s.c.g.h.RoutePredicateHandlerMapping   : Mapping [Exchange: GET http://localhost:8765/biscoito/from/USD/to/INR/quantity/34] to Route{id='dd5f3689-f8bb-4f6c-8d63-bda3acc67028', uri=lb://CONVERSAO-ATIVA, order=0, predicate=Paths: [/biscoito/**], match trailing slash: true, gatewayFilters=[[[RewritePath /biscoito/(?<pedacoUrl>.*) = '/ativa/${pedacoUrl}'], order = 0]], metadata={}}
2026-08-27T17:51:13.657-03:00 DEBUG 27001 --- [apigateway] [reactor-http-epoll-2] o.s.c.g.h.RoutePredicateHandlerMapping   : [25c9ab8f-3] Mapped to org.springframework.cloud.gateway.handler.FilteringWebHandler@6b252510
2026-08-27T17:51:13.657-03:00 DEBUG 27001 --- [apigateway] [reactor-http-epoll-2] o.s.c.g.handler.FilteringWebHandler      : Sorted gatewayFilterFactories: [[GatewayFilterAdapter{delegate=org.springframework.cloud.gateway.filter.RemoveCachedBodyFilter@1af8576d}, order = -2147483648], [GatewayFilterAdapter{delegate=org.springframework.cloud.gateway.filter.AdaptCachedBodyGlobalFilter@67d365cf}, order = -2147482648], [GatewayFilterAdapter{delegate=org.springframework.cloud.gateway.filter.NettyWriteResponseFilter@2ce4589a}, order = -1], [GatewayFilterAdapter{delegate=org.springframework.cloud.gateway.filter.ForwardPathFilter@14a049de}, order = 0], [GatewayFilterAdapter{delegate=org.springframework.cloud.gateway.filter.GatewayMetricsFilter@54ca4377}, order = 0], [[RewritePath /biscoito/(?<pedacoUrl>.*) = '/ativa/${pedacoUrl}'], order = 0], [GatewayFilterAdapter{delegate=org.springframework.cloud.gateway.filter.RouteToRequestUrlFilter@4f4af46c}, order = 10000], [GatewayFilterAdapter{delegate=org.springframework.cloud.gateway.filter.ReactiveLoadBalancerClientFilter@516cf8cb}, order = 10150], [GatewayFilterAdapter{delegate=org.springframework.cloud.gateway.filter.LoadBalancerServiceInstanceCookieFilter@2d1f1f09}, order = 10151], [GatewayFilterAdapter{delegate=org.springframework.cloud.gateway.filter.WebsocketRoutingFilter@4cbb3718}, order = 2147483646], GatewayFilterAdapter{delegate=com.luciano.apigateway.log.Log@5ab55808}, [GatewayFilterAdapter{delegate=org.springframework.cloud.gateway.filter.NettyRoutingFilter@5c612e06}, order = 2147483647], [GatewayFilterAdapter{delegate=org.springframework.cloud.gateway.filter.ForwardRoutingFilter@1a8ee29d}, order = 2147483647]]
2026-08-27T17:51:13.660-03:00  WARN 27001 --- [apigateway] [reactor-http-epoll-2] o.s.c.l.core.RoundRobinLoadBalancer      : No servers available for service: CONVERSAO-ATIVA
2026-08-27T17:51:15.749-03:00 DEBUG 27001 --- [apigateway] [reactor-http-epoll-2] o.s.c.g.h.RoutePredicateHandlerMapping   : Route matched: dd5f3689-f8bb-4f6c-8d63-bda3acc67028
2026-08-27T17:51:15.750-03:00 DEBUG 27001 --- [apigateway] [reactor-http-epoll-2] o.s.c.g.h.RoutePredicateHandlerMapping   : Mapping [Exchange: GET http://localhost:8765/biscoito/from/USD/to/INR/quantity/34] to Route{id='dd5f3689-f8bb-4f6c-8d63-bda3acc67028', uri=lb://CONVERSAO-ATIVA, order=0, predicate=Paths: [/biscoito/**], match trailing slash: true, gatewayFilters=[[[RewritePath /biscoito/(?<pedacoUrl>.*) = '/ativa/${pedacoUrl}'], order = 0]], metadata={}}
2026-08-27T17:51:15.750-03:00 DEBUG 27001 --- [apigateway] [reactor-http-epoll-2] o.s.c.g.h.RoutePredicateHandlerMapping   : [25c9ab8f-4] Mapped to org.springframework.cloud.gateway.handler.FilteringWebHandler@6b252510
2026-08-27T17:51:15.750-03:00 DEBUG 27001 --- [apigateway] [reactor-http-epoll-2] o.s.c.g.handler.FilteringWebHandler      : Sorted gatewayFilterFactories: [[GatewayFilterAdapter{delegate=org.springframework.cloud.gateway.filter.RemoveCachedBodyFilter@1af8576d}, order = -2147483648], [GatewayFilterAdapter{delegate=org.springframework.cloud.gateway.filter.AdaptCachedBodyGlobalFilter@67d365cf}, order = -2147482648], [GatewayFilterAdapter{delegate=org.springframework.cloud.gateway.filter.NettyWriteResponseFilter@2ce4589a}, order = -1], [GatewayFilterAdapter{delegate=org.springframework.cloud.gateway.filter.ForwardPathFilter@14a049de}, order = 0], [GatewayFilterAdapter{delegate=org.springframework.cloud.gateway.filter.GatewayMetricsFilter@54ca4377}, order = 0], [[RewritePath /biscoito/(?<pedacoUrl>.*) = '/ativa/${pedacoUrl}'], order = 0], [GatewayFilterAdapter{delegate=org.springframework.cloud.gateway.filter.RouteToRequestUrlFilter@4f4af46c}, order = 10000], [GatewayFilterAdapter{delegate=org.springframework.cloud.gateway.filter.ReactiveLoadBalancerClientFilter@516cf8cb}, order = 10150], [GatewayFilterAdapter{delegate=org.springframework.cloud.gateway.filter.LoadBalancerServiceInstanceCookieFilter@2d1f1f09}, order = 10151], [GatewayFilterAdapter{delegate=org.springframework.cloud.gateway.filter.WebsocketRoutingFilter@4cbb3718}, order = 2147483646], GatewayFilterAdapter{delegate=com.luciano.apigateway.log.Log@5ab55808}, [GatewayFilterAdapter{delegate=org.springframework.cloud.gateway.filter.NettyRoutingFilter@5c612e06}, order = 2147483647], [GatewayFilterAdapter{delegate=org.springframework.cloud.gateway.filter.ForwardRoutingFilter@1a8ee29d}, order = 2147483647]]
2026-08-27T17:51:15.752-03:00  WARN 27001 --- [apigateway] [reactor-http-epoll-2] o.s.c.l.core.RoundRobinLoadBalancer      : No servers available for service: CONVERSAO-ATIVA
2026-08-27T17:51:23.917-03:00 DEBUG 27001 --- [apigateway] [reactor-http-epoll-2] o.s.c.g.h.RoutePredicateHandlerMapping   : Route matched: dd5f3689-f8bb-4f6c-8d63-bda3acc67028
2026-08-27T17:51:23.918-03:00 DEBUG 27001 --- [apigateway] [reactor-http-epoll-2] o.s.c.g.h.RoutePredicateHandlerMapping   : Mapping [Exchange: GET http://localhost:8765/biscoito/from/USD/to/INR/quantity/34] to Route{id='dd5f3689-f8bb-4f6c-8d63-bda3acc67028', uri=lb://CONVERSAO-ATIVA, order=0, predicate=Paths: [/biscoito/**], match trailing slash: true, gatewayFilters=[[[RewritePath /biscoito/(?<pedacoUrl>.*) = '/ativa/${pedacoUrl}'], order = 0]], metadata={}}
2026-08-27T17:51:23.918-03:00 DEBUG 27001 --- [apigateway] [reactor-http-epoll-2] o.s.c.g.h.RoutePredicateHandlerMapping   : [25c9ab8f-5] Mapped to org.springframework.cloud.gateway.handler.FilteringWebHandler@6b252510
2026-08-27T17:51:23.918-03:00 DEBUG 27001 --- [apigateway] [reactor-http-epoll-2] o.s.c.g.handler.FilteringWebHandler      : Sorted gatewayFilterFactories: [[GatewayFilterAdapter{delegate=org.springframework.cloud.gateway.filter.RemoveCachedBodyFilter@1af8576d}, order = -2147483648], [GatewayFilterAdapter{delegate=org.springframework.cloud.gateway.filter.AdaptCachedBodyGlobalFilter@67d365cf}, order = -2147482648], [GatewayFilterAdapter{delegate=org.springframework.cloud.gateway.filter.NettyWriteResponseFilter@2ce4589a}, order = -1], [GatewayFilterAdapter{delegate=org.springframework.cloud.gateway.filter.ForwardPathFilter@14a049de}, order = 0], [GatewayFilterAdapter{delegate=org.springframework.cloud.gateway.filter.GatewayMetricsFilter@54ca4377}, order = 0], [[RewritePath /biscoito/(?<pedacoUrl>.*) = '/ativa/${pedacoUrl}'], order = 0], [GatewayFilterAdapter{delegate=org.springframework.cloud.gateway.filter.RouteToRequestUrlFilter@4f4af46c}, order = 10000], [GatewayFilterAdapter{delegate=org.springframework.cloud.gateway.filter.ReactiveLoadBalancerClientFilter@516cf8cb}, order = 10150], [GatewayFilterAdapter{delegate=org.springframework.cloud.gateway.filter.LoadBalancerServiceInstanceCookieFilter@2d1f1f09}, order = 10151], [GatewayFilterAdapter{delegate=org.springframework.cloud.gateway.filter.WebsocketRoutingFilter@4cbb3718}, order = 2147483646], GatewayFilterAdapter{delegate=com.luciano.apigateway.log.Log@5ab55808}, [GatewayFilterAdapter{delegate=org.springframework.cloud.gateway.filter.NettyRoutingFilter@5c612e06}, order = 2147483647], [GatewayFilterAdapter{delegate=org.springframework.cloud.gateway.filter.ForwardRoutingFilter@1a8ee29d}, order = 2147483647]]
2026-08-27T17:51:23.920-03:00  WARN 27001 --- [apigateway] [reactor-http-epoll-2] o.s.c.l.core.RoundRobinLoadBalancer      : No servers available for service: CONVERSAO-ATIVA
2026-08-27T17:51:32.087-03:00 DEBUG 27001 --- [apigateway] [DiscoveryClient-CacheRefreshExecutor-%d] o.s.c.g.r.RouteDefinitionRouteLocator    : RouteDefinition ReactiveCompositeDiscoveryClient_CONVERSAO-CORRENTE applying {pattern=/CONVERSAO-CORRENTE/**} to Path
2026-08-27T17:51:32.089-03:00 DEBUG 27001 --- [apigateway] [DiscoveryClient-CacheRefreshExecutor-%d] o.s.c.g.r.RouteDefinitionRouteLocator    : RouteDefinition ReactiveCompositeDiscoveryClient_CONVERSAO-CORRENTE applying filter {regexp=/CONVERSAO-CORRENTE/?(?<remaining>.*), replacement=/${remaining}} to RewritePath
2026-08-27T17:51:32.090-03:00 DEBUG 27001 --- [apigateway] [DiscoveryClient-CacheRefreshExecutor-%d] o.s.c.g.r.RouteDefinitionRouteLocator    : RouteDefinition matched: ReactiveCompositeDiscoveryClient_CONVERSAO-CORRENTE
2026-08-27T17:51:32.091-03:00 DEBUG 27001 --- [apigateway] [DiscoveryClient-CacheRefreshExecutor-%d] o.s.c.g.r.RouteDefinitionRouteLocator    : RouteDefinition ReactiveCompositeDiscoveryClient_CONVERSAO-ATIVA applying {pattern=/CONVERSAO-ATIVA/**} to Path
2026-08-27T17:51:32.092-03:00 DEBUG 27001 --- [apigateway] [DiscoveryClient-CacheRefreshExecutor-%d] o.s.c.g.r.RouteDefinitionRouteLocator    : RouteDefinition ReactiveCompositeDiscoveryClient_CONVERSAO-ATIVA applying filter {regexp=/CONVERSAO-ATIVA/?(?<remaining>.*), replacement=/${remaining}} to RewritePath
2026-08-27T17:51:32.093-03:00 DEBUG 27001 --- [apigateway] [DiscoveryClient-CacheRefreshExecutor-%d] o.s.c.g.r.RouteDefinitionRouteLocator    : RouteDefinition matched: ReactiveCompositeDiscoveryClient_CONVERSAO-ATIVA
2026-08-27T17:51:32.094-03:00 DEBUG 27001 --- [apigateway] [DiscoveryClient-CacheRefreshExecutor-%d] o.s.c.g.r.RouteDefinitionRouteLocator    : RouteDefinition ReactiveCompositeDiscoveryClient_APIGATEWAY applying {pattern=/APIGATEWAY/**} to Path
2026-08-27T17:51:32.095-03:00 DEBUG 27001 --- [apigateway] [DiscoveryClient-CacheRefreshExecutor-%d] o.s.c.g.r.RouteDefinitionRouteLocator    : RouteDefinition ReactiveCompositeDiscoveryClient_APIGATEWAY applying filter {regexp=/APIGATEWAY/?(?<remaining>.*), replacement=/${remaining}} to RewritePath
2026-08-27T17:51:32.096-03:00 DEBUG 27001 --- [apigateway] [DiscoveryClient-CacheRefreshExecutor-%d] o.s.c.g.r.RouteDefinitionRouteLocator    : RouteDefinition matched: ReactiveCompositeDiscoveryClient_APIGATEWAY
2026-08-27T17:51:32.098-03:00 DEBUG 27001 --- [apigateway] [DiscoveryClient-CacheRefreshExecutor-%d] o.s.c.g.filter.GatewayMetricsFilter      : New routes count: 3
2026-08-27T17:51:43.089-03:00 DEBUG 27001 --- [apigateway] [reactor-http-epoll-3] o.s.c.g.h.RoutePredicateHandlerMapping   : Route matched: dd5f3689-f8bb-4f6c-8d63-bda3acc67028
2026-08-27T17:51:43.090-03:00 DEBUG 27001 --- [apigateway] [reactor-http-epoll-3] o.s.c.g.h.RoutePredicateHandlerMapping   : Mapping [Exchange: GET http://localhost:8765/biscoito/from/USD/to/INR/quantity/34] to Route{id='dd5f3689-f8bb-4f6c-8d63-bda3acc67028', uri=lb://CONVERSAO-ATIVA, order=0, predicate=Paths: [/biscoito/**], match trailing slash: true, gatewayFilters=[[[RewritePath /biscoito/(?<pedacoUrl>.*) = '/ativa/${pedacoUrl}'], order = 0]], metadata={}}
2026-08-27T17:51:43.090-03:00 DEBUG 27001 --- [apigateway] [reactor-http-epoll-3] o.s.c.g.h.RoutePredicateHandlerMapping   : [72b57467-6] Mapped to org.springframework.cloud.gateway.handler.FilteringWebHandler@6b252510
2026-08-27T17:51:43.090-03:00 DEBUG 27001 --- [apigateway] [reactor-http-epoll-3] o.s.c.g.handler.FilteringWebHandler      : Sorted gatewayFilterFactories: [[GatewayFilterAdapter{delegate=org.springframework.cloud.gateway.filter.RemoveCachedBodyFilter@1af8576d}, order = -2147483648], [GatewayFilterAdapter{delegate=org.springframework.cloud.gateway.filter.AdaptCachedBodyGlobalFilter@67d365cf}, order = -2147482648], [GatewayFilterAdapter{delegate=org.springframework.cloud.gateway.filter.NettyWriteResponseFilter@2ce4589a}, order = -1], [GatewayFilterAdapter{delegate=org.springframework.cloud.gateway.filter.ForwardPathFilter@14a049de}, order = 0], [GatewayFilterAdapter{delegate=org.springframework.cloud.gateway.filter.GatewayMetricsFilter@54ca4377}, order = 0], [[RewritePath /biscoito/(?<pedacoUrl>.*) = '/ativa/${pedacoUrl}'], order = 0], [GatewayFilterAdapter{delegate=org.springframework.cloud.gateway.filter.RouteToRequestUrlFilter@4f4af46c}, order = 10000], [GatewayFilterAdapter{delegate=org.springframework.cloud.gateway.filter.ReactiveLoadBalancerClientFilter@516cf8cb}, order = 10150], [GatewayFilterAdapter{delegate=org.springframework.cloud.gateway.filter.LoadBalancerServiceInstanceCookieFilter@2d1f1f09}, order = 10151], [GatewayFilterAdapter{delegate=org.springframework.cloud.gateway.filter.WebsocketRoutingFilter@4cbb3718}, order = 2147483646], GatewayFilterAdapter{delegate=com.luciano.apigateway.log.Log@5ab55808}, [GatewayFilterAdapter{delegate=org.springframework.cloud.gateway.filter.NettyRoutingFilter@5c612e06}, order = 2147483647], [GatewayFilterAdapter{delegate=org.springframework.cloud.gateway.filter.ForwardRoutingFilter@1a8ee29d}, order = 2147483647]]
2026-08-27T17:51:43.093-03:00  INFO 27001 --- [apigateway] [reactor-http-epoll-3] com.luciano.apigateway.log.Log           : =============================================================================
2026-08-27T17:51:43.094-03:00  INFO 27001 --- [apigateway] [reactor-http-epoll-3] com.luciano.apigateway.log.Log           : Caminho da requisição recebida olhe aqui biscoito -> /ativa/from/USD/to/INR/quantity/34 na data 2026-08-27
2026-08-27T17:51:43.094-03:00  INFO 27001 --- [apigateway] [reactor-http-epoll-3] com.luciano.apigateway.log.Log           : =============================================================================
2026-08-27T17:51:43.100-03:00 DEBUG 27001 --- [apigateway] [reactor-http-epoll-3] g.f.h.o.ObservedRequestHttpHeadersFilter : Will instrument the HTTP request headers [Host:"localhost:8765", User-Agent:"Mozilla/5.0 (X11; Linux x86_64; rv:140.0) Gecko/20100101 Firefox/140.0", Accept:"text/html,application/xhtml+xml,application/xml;q=0.9,*/*;q=0.8", Accept-Language:"pt-BR,pt;q=0.8,en-US;q=0.5,en;q=0.3", Accept-Encoding:"gzip, deflate, br, zstd", Upgrade-Insecure-Requests:"1", Sec-Fetch-Dest:"document", Sec-Fetch-Mode:"navigate", Sec-Fetch-Site:"none", Sec-Fetch-User:"?1", Priority:"u=0, i"]
2026-08-27T17:51:43.105-03:00 DEBUG 27001 --- [apigateway] [reactor-http-epoll-3] g.f.h.o.ObservedRequestHttpHeadersFilter : Client observation  {name=http.client.requests(null), error=null, context=name='http.client.requests', contextualName='null', error='null', lowCardinalityKeyValues=[http.method='GET', http.status_code='UNKNOWN', spring.cloud.gateway.route.id='dd5f3689-f8bb-4f6c-8d63-bda3acc67028', spring.cloud.gateway.route.uri='lb://CONVERSAO-ATIVA'], highCardinalityKeyValues=[http.uri='http://localhost:8765/ativa/from/USD/to/INR/quantity/34'], map=[class io.micrometer.core.instrument.LongTaskTimer$Sample='SampleImpl{duration(seconds)=0.001058169, duration(nanos)=1058169.0, startTimeNanos=5912965339529}', class io.micrometer.core.instrument.Timer$Sample='io.micrometer.core.instrument.Timer$Sample@11c29150'], parentObservation={name=http.server.requests(null), error=null, context=name='http.server.requests', contextualName='null', error='null', lowCardinalityKeyValues=[exception='none', method='GET', outcome='SUCCESS', status='200', uri='UNKNOWN'], highCardinalityKeyValues=[http.url='/biscoito/from/USD/to/INR/quantity/34'], map=[class io.micrometer.core.instrument.LongTaskTimer$Sample='SampleImpl{duration(seconds)=0.016793671, duration(nanos)=1.6793671E7, startTimeNanos=5912949774161}', class io.micrometer.core.instrument.Timer$Sample='io.micrometer.core.instrument.Timer$Sample@5e24d7f9'], parentObservation=null}} created for the request. New headers are [Host:"localhost:8765", User-Agent:"Mozilla/5.0 (X11; Linux x86_64; rv:140.0) Gecko/20100101 Firefox/140.0", Accept:"text/html,application/xhtml+xml,application/xml;q=0.9,*/*;q=0.8", Accept-Language:"pt-BR,pt;q=0.8,en-US;q=0.5,en;q=0.3", Accept-Encoding:"gzip, deflate, br, zstd", Upgrade-Insecure-Requests:"1", Sec-Fetch-Dest:"document", Sec-Fetch-Mode:"navigate", Sec-Fetch-Site:"none", Sec-Fetch-User:"?1", Priority:"u=0, i"]
2026-08-27T17:51:44.078-03:00 DEBUG 27001 --- [apigateway] [reactor-http-epoll-3] .f.h.o.ObservedResponseHttpHeadersFilter : Will instrument the response
2026-08-27T17:51:44.079-03:00 DEBUG 27001 --- [apigateway] [reactor-http-epoll-3] .f.h.o.ObservedResponseHttpHeadersFilter : The response was handled for observation {name=http.client.requests(null), error=null, context=name='http.client.requests', contextualName='null', error='null', lowCardinalityKeyValues=[http.method='GET', http.status_code='UNKNOWN', spring.cloud.gateway.route.id='dd5f3689-f8bb-4f6c-8d63-bda3acc67028', spring.cloud.gateway.route.uri='lb://CONVERSAO-ATIVA'], highCardinalityKeyValues=[http.uri='http://localhost:8765/ativa/from/USD/to/INR/quantity/34'], map=[class io.micrometer.core.instrument.LongTaskTimer$Sample='SampleImpl{duration(seconds)=0.974964734, duration(nanos)=9.74964734E8, startTimeNanos=5912965339529}', class io.micrometer.core.instrument.Timer$Sample='io.micrometer.core.instrument.Timer$Sample@11c29150'], parentObservation={name=http.server.requests(null), error=null, context=name='http.server.requests', contextualName='null', error='null', lowCardinalityKeyValues=[exception='none', method='GET', outcome='SUCCESS', status='200', uri='UNKNOWN'], highCardinalityKeyValues=[http.url='/biscoito/from/USD/to/INR/quantity/34'], map=[class io.micrometer.core.instrument.LongTaskTimer$Sample='SampleImpl{duration(seconds)=0.990621525, duration(nanos)=9.90621525E8, startTimeNanos=5912949774161}', class io.micrometer.core.instrument.Timer$Sample='io.micrometer.core.instrument.Timer$Sample@5e24d7f9'], parentObservation=null}}
2026-08-27T17:52:02.116-03:00 DEBUG 27001 --- [apigateway] [DiscoveryClient-CacheRefreshExecutor-%d] o.s.c.g.r.RouteDefinitionRouteLocator    : RouteDefinition ReactiveCompositeDiscoveryClient_CONVERSAO-CORRENTE applying {pattern=/CONVERSAO-CORRENTE/**} to Path
2026-08-27T17:52:02.118-03:00 DEBUG 27001 --- [apigateway] [DiscoveryClient-CacheRefreshExecutor-%d] o.s.c.g.r.RouteDefinitionRouteLocator    : RouteDefinition ReactiveCompositeDiscoveryClient_CONVERSAO-CORRENTE applying filter {regexp=/CONVERSAO-CORRENTE/?(?<remaining>.*), replacement=/${remaining}} to RewritePath
2026-08-27T17:52:02.119-03:00 DEBUG 27001 --- [apigateway] [DiscoveryClient-CacheRefreshExecutor-%d] o.s.c.g.r.RouteDefinitionRouteLocator    : RouteDefinition matched: ReactiveCompositeDiscoveryClient_CONVERSAO-CORRENTE
2026-08-27T17:52:02.120-03:00 DEBUG 27001 --- [apigateway] [DiscoveryClient-CacheRefreshExecutor-%d] o.s.c.g.r.RouteDefinitionRouteLocator    : RouteDefinition ReactiveCompositeDiscoveryClient_CONVERSAO-ATIVA applying {pattern=/CONVERSAO-ATIVA/**} to Path
2026-08-27T17:52:02.122-03:00 DEBUG 27001 --- [apigateway] [DiscoveryClient-CacheRefreshExecutor-%d] o.s.c.g.r.RouteDefinitionRouteLocator    : RouteDefinition ReactiveCompositeDiscoveryClient_CONVERSAO-ATIVA applying filter {regexp=/CONVERSAO-ATIVA/?(?<remaining>.*), replacement=/${remaining}} to RewritePath
2026-08-27T17:52:02.124-03:00 DEBUG 27001 --- [apigateway] [DiscoveryClient-CacheRefreshExecutor-%d] o.s.c.g.r.RouteDefinitionRouteLocator    : RouteDefinition matched: ReactiveCompositeDiscoveryClient_CONVERSAO-ATIVA
2026-08-27T17:52:02.124-03:00 DEBUG 27001 --- [apigateway] [DiscoveryClient-CacheRefreshExecutor-%d] o.s.c.g.r.RouteDefinitionRouteLocator    : RouteDefinition ReactiveCompositeDiscoveryClient_APIGATEWAY applying {pattern=/APIGATEWAY/**} to Path
2026-08-27T17:52:02.125-03:00 DEBUG 27001 --- [apigateway] [DiscoveryClient-CacheRefreshExecutor-%d] o.s.c.g.r.RouteDefinitionRouteLocator    : RouteDefinition ReactiveCompositeDiscoveryClient_APIGATEWAY applying filter {regexp=/APIGATEWAY/?(?<remaining>.*), replacement=/${remaining}} to RewritePath
2026-08-27T17:52:02.126-03:00 DEBUG 27001 --- [apigateway] [DiscoveryClient-CacheRefreshExecutor-%d] o.s.c.g.r.RouteDefinitionRouteLocator    : RouteDefinition matched: ReactiveCompositeDiscoveryClient_APIGATEWAY
2026-08-27T17:52:02.128-03:00 DEBUG 27001 --- [apigateway] [DiscoveryClient-CacheRefreshExecutor-%d] o.s.c.g.filter.GatewayMetricsFilter      : New routes count: 3
2026-08-27T17:52:32.143-03:00 DEBUG 27001 --- [apigateway] [DiscoveryClient-CacheRefreshExecutor-%d] o.s.c.g.r.RouteDefinitionRouteLocator    : RouteDefinition ReactiveCompositeDiscoveryClient_CONVERSAO-CORRENTE applying {pattern=/CONVERSAO-CORRENTE/**} to Path
2026-08-27T17:52:32.146-03:00 DEBUG 27001 --- [apigateway] [DiscoveryClient-CacheRefreshExecutor-%d] o.s.c.g.r.RouteDefinitionRouteLocator    : RouteDefinition ReactiveCompositeDiscoveryClient_CONVERSAO-CORRENTE applying filter {regexp=/CONVERSAO-CORRENTE/?(?<remaining>.*), replacement=/${remaining}} to RewritePath
2026-08-27T17:52:32.148-03:00 DEBUG 27001 --- [apigateway] [DiscoveryClient-CacheRefreshExecutor-%d] o.s.c.g.r.RouteDefinitionRouteLocator    : RouteDefinition matched: ReactiveCompositeDiscoveryClient_CONVERSAO-CORRENTE
2026-08-27T17:52:32.150-03:00 DEBUG 27001 --- [apigateway] [DiscoveryClient-CacheRefreshExecutor-%d] o.s.c.g.r.RouteDefinitionRouteLocator    : RouteDefinition ReactiveCompositeDiscoveryClient_CONVERSAO-ATIVA applying {pattern=/CONVERSAO-ATIVA/**} to Path
2026-08-27T17:52:32.152-03:00 DEBUG 27001 --- [apigateway] [DiscoveryClient-CacheRefreshExecutor-%d] o.s.c.g.r.RouteDefinitionRouteLocator    : RouteDefinition ReactiveCompositeDiscoveryClient_CONVERSAO-ATIVA applying filter {regexp=/CONVERSAO-ATIVA/?(?<remaining>.*), replacement=/${remaining}} to RewritePath
2026-08-27T17:52:32.154-03:00 DEBUG 27001 --- [apigateway] [DiscoveryClient-CacheRefreshExecutor-%d] o.s.c.g.r.RouteDefinitionRouteLocator    : RouteDefinition matched: ReactiveCompositeDiscoveryClient_CONVERSAO-ATIVA
2026-08-27T17:52:32.155-03:00 DEBUG 27001 --- [apigateway] [DiscoveryClient-CacheRefreshExecutor-%d] o.s.c.g.r.RouteDefinitionRouteLocator    : RouteDefinition ReactiveCompositeDiscoveryClient_APIGATEWAY applying {pattern=/APIGATEWAY/**} to Path
2026-08-27T17:52:32.157-03:00 DEBUG 27001 --- [apigateway] [DiscoveryClient-CacheRefreshExecutor-%d] o.s.c.g.r.RouteDefinitionRouteLocator    : RouteDefinition ReactiveCompositeDiscoveryClient_APIGATEWAY applying filter {regexp=/APIGATEWAY/?(?<remaining>.*), replacement=/${remaining}} to RewritePath
2026-08-27T17:52:32.159-03:00 DEBUG 27001 --- [apigateway] [DiscoveryClient-CacheRefreshExecutor-%d] o.s.c.g.r.RouteDefinitionRouteLocator    : RouteDefinition matched: ReactiveCompositeDiscoveryClient_APIGATEWAY
2026-08-27T17:52:32.162-03:00 DEBUG 27001 --- [apigateway] [DiscoveryClient-CacheRefreshExecutor-%d] o.s.c.g.filter.GatewayMetricsFilter      : New routes count: 3
2026-08-27T17:53:02.173-03:00 DEBUG 27001 --- [apigateway] [DiscoveryClient-CacheRefreshExecutor-%d] o.s.c.g.r.RouteDefinitionRouteLocator    : RouteDefinition ReactiveCompositeDiscoveryClient_CONVERSAO-CORRENTE applying {pattern=/CONVERSAO-CORRENTE/**} to Path
2026-08-27T17:53:02.175-03:00 DEBUG 27001 --- [apigateway] [DiscoveryClient-CacheRefreshExecutor-%d] o.s.c.g.r.RouteDefinitionRouteLocator    : RouteDefinition ReactiveCompositeDiscoveryClient_CONVERSAO-CORRENTE applying filter {regexp=/CONVERSAO-CORRENTE/?(?<remaining>.*), replacement=/${remaining}} to RewritePath
2026-08-27T17:53:02.176-03:00 DEBUG 27001 --- [apigateway] [DiscoveryClient-CacheRefreshExecutor-%d] o.s.c.g.r.RouteDefinitionRouteLocator    : RouteDefinition matched: ReactiveCompositeDiscoveryClient_CONVERSAO-CORRENTE
2026-08-27T17:53:02.177-03:00 DEBUG 27001 --- [apigateway] [DiscoveryClient-CacheRefreshExecutor-%d] o.s.c.g.r.RouteDefinitionRouteLocator    : RouteDefinition ReactiveCompositeDiscoveryClient_CONVERSAO-ATIVA applying {pattern=/CONVERSAO-ATIVA/**} to Path
2026-08-27T17:53:02.178-03:00 DEBUG 27001 --- [apigateway] [DiscoveryClient-CacheRefreshExecutor-%d] o.s.c.g.r.RouteDefinitionRouteLocator    : RouteDefinition ReactiveCompositeDiscoveryClient_CONVERSAO-ATIVA applying filter {regexp=/CONVERSAO-ATIVA/?(?<remaining>.*), replacement=/${remaining}} to RewritePath
2026-08-27T17:53:02.179-03:00 DEBUG 27001 --- [apigateway] [DiscoveryClient-CacheRefreshExecutor-%d] o.s.c.g.r.RouteDefinitionRouteLocator    : RouteDefinition matched: ReactiveCompositeDiscoveryClient_CONVERSAO-ATIVA
2026-08-27T17:53:02.180-03:00 DEBUG 27001 --- [apigateway] [DiscoveryClient-CacheRefreshExecutor-%d] o.s.c.g.r.RouteDefinitionRouteLocator    : RouteDefinition ReactiveCompositeDiscoveryClient_APIGATEWAY applying {pattern=/APIGATEWAY/**} to Path
2026-08-27T17:53:02.181-03:00 DEBUG 27001 --- [apigateway] [DiscoveryClient-CacheRefreshExecutor-%d] o.s.c.g.r.RouteDefinitionRouteLocator    : RouteDefinition ReactiveCompositeDiscoveryClient_APIGATEWAY applying filter {regexp=/APIGATEWAY/?(?<remaining>.*), replacement=/${remaining}} to RewritePath
2026-08-27T17:53:02.182-03:00 DEBUG 27001 --- [apigateway] [DiscoveryClient-CacheRefreshExecutor-%d] o.s.c.g.r.RouteDefinitionRouteLocator    : RouteDefinition matched: ReactiveCompositeDiscoveryClient_APIGATEWAY
2026-08-27T17:53:02.184-03:00 DEBUG 27001 --- [apigateway] [DiscoveryClient-CacheRefreshExecutor-%d] o.s.c.g.filter.GatewayMetricsFilter      : New routes count: 3
2026-08-27T17:53:32.198-03:00 DEBUG 27001 --- [apigateway] [DiscoveryClient-CacheRefreshExecutor-%d] o.s.c.g.r.RouteDefinitionRouteLocator    : RouteDefinition ReactiveCompositeDiscoveryClient_CONVERSAO-CORRENTE applying {pattern=/CONVERSAO-CORRENTE/**} to Path
2026-08-27T17:53:32.200-03:00 DEBUG 27001 --- [apigateway] [DiscoveryClient-CacheRefreshExecutor-%d] o.s.c.g.r.RouteDefinitionRouteLocator    : RouteDefinition ReactiveCompositeDiscoveryClient_CONVERSAO-CORRENTE applying filter {regexp=/CONVERSAO-CORRENTE/?(?<remaining>.*), replacement=/${remaining}} to RewritePath
2026-08-27T17:53:32.201-03:00 DEBUG 27001 --- [apigateway] [DiscoveryClient-CacheRefreshExecutor-%d] o.s.c.g.r.RouteDefinitionRouteLocator    : RouteDefinition matched: ReactiveCompositeDiscoveryClient_CONVERSAO-CORRENTE
2026-08-27T17:53:32.202-03:00 DEBUG 27001 --- [apigateway] [DiscoveryClient-CacheRefreshExecutor-%d] o.s.c.g.r.RouteDefinitionRouteLocator    : RouteDefinition ReactiveCompositeDiscoveryClient_CONVERSAO-ATIVA applying {pattern=/CONVERSAO-ATIVA/**} to Path
2026-08-27T17:53:32.204-03:00 DEBUG 27001 --- [apigateway] [DiscoveryClient-CacheRefreshExecutor-%d] o.s.c.g.r.RouteDefinitionRouteLocator    : RouteDefinition ReactiveCompositeDiscoveryClient_CONVERSAO-ATIVA applying filter {regexp=/CONVERSAO-ATIVA/?(?<remaining>.*), replacement=/${remaining}} to RewritePath
2026-08-27T17:53:32.205-03:00 DEBUG 27001 --- [apigateway] [DiscoveryClient-CacheRefreshExecutor-%d] o.s.c.g.r.RouteDefinitionRouteLocator    : RouteDefinition matched: ReactiveCompositeDiscoveryClient_CONVERSAO-ATIVA
2026-08-27T17:53:32.206-03:00 DEBUG 27001 --- [apigateway] [DiscoveryClient-CacheRefreshExecutor-%d] o.s.c.g.r.RouteDefinitionRouteLocator    : RouteDefinition ReactiveCompositeDiscoveryClient_APIGATEWAY applying {pattern=/APIGATEWAY/**} to Path
2026-08-27T17:53:32.208-03:00 DEBUG 27001 --- [apigateway] [DiscoveryClient-CacheRefreshExecutor-%d] o.s.c.g.r.RouteDefinitionRouteLocator    : RouteDefinition ReactiveCompositeDiscoveryClient_APIGATEWAY applying filter {regexp=/APIGATEWAY/?(?<remaining>.*), replacement=/${remaining}} to RewritePath
2026-08-27T17:53:32.210-03:00 DEBUG 27001 --- [apigateway] [DiscoveryClient-CacheRefreshExecutor-%d] o.s.c.g.r.RouteDefinitionRouteLocator    : RouteDefinition matched: ReactiveCompositeDiscoveryClient_APIGATEWAY
2026-08-27T17:53:32.213-03:00 DEBUG 27001 --- [apigateway] [DiscoveryClient-CacheRefreshExecutor-%d] o.s.c.g.filter.GatewayMetricsFilter      : New routes count: 3
2026-08-27T17:54:02.227-03:00 DEBUG 27001 --- [apigateway] [DiscoveryClient-CacheRefreshExecutor-%d] o.s.c.g.r.RouteDefinitionRouteLocator    : RouteDefinition ReactiveCompositeDiscoveryClient_CONVERSAO-CORRENTE applying {pattern=/CONVERSAO-CORRENTE/**} to Path
2026-08-27T17:54:02.229-03:00 DEBUG 27001 --- [apigateway] [DiscoveryClient-CacheRefreshExecutor-%d] o.s.c.g.r.RouteDefinitionRouteLocator    : RouteDefinition ReactiveCompositeDiscoveryClient_CONVERSAO-CORRENTE applying filter {regexp=/CONVERSAO-CORRENTE/?(?<remaining>.*), replacement=/${remaining}} to RewritePath
2026-08-27T17:54:02.230-03:00 DEBUG 27001 --- [apigateway] [DiscoveryClient-CacheRefreshExecutor-%d] o.s.c.g.r.RouteDefinitionRouteLocator    : RouteDefinition matched: ReactiveCompositeDiscoveryClient_CONVERSAO-CORRENTE
2026-08-27T17:54:02.231-03:00 DEBUG 27001 --- [apigateway] [DiscoveryClient-CacheRefreshExecutor-%d] o.s.c.g.r.RouteDefinitionRouteLocator    : RouteDefinition ReactiveCompositeDiscoveryClient_CONVERSAO-ATIVA applying {pattern=/CONVERSAO-ATIVA/**} to Path
2026-08-27T17:54:02.232-03:00 DEBUG 27001 --- [apigateway] [DiscoveryClient-CacheRefreshExecutor-%d] o.s.c.g.r.RouteDefinitionRouteLocator    : RouteDefinition ReactiveCompositeDiscoveryClient_CONVERSAO-ATIVA applying filter {regexp=/CONVERSAO-ATIVA/?(?<remaining>.*), replacement=/${remaining}} to RewritePath
2026-08-27T17:54:02.233-03:00 DEBUG 27001 --- [apigateway] [DiscoveryClient-CacheRefreshExecutor-%d] o.s.c.g.r.RouteDefinitionRouteLocator    : RouteDefinition matched: ReactiveCompositeDiscoveryClient_CONVERSAO-ATIVA
2026-08-27T17:54:02.234-03:00 DEBUG 27001 --- [apigateway] [DiscoveryClient-CacheRefreshExecutor-%d] o.s.c.g.r.RouteDefinitionRouteLocator    : RouteDefinition ReactiveCompositeDiscoveryClient_APIGATEWAY applying {pattern=/APIGATEWAY/**} to Path
2026-08-27T17:54:02.235-03:00 DEBUG 27001 --- [apigateway] [DiscoveryClient-CacheRefreshExecutor-%d] o.s.c.g.r.RouteDefinitionRouteLocator    : RouteDefinition ReactiveCompositeDiscoveryClient_APIGATEWAY applying filter {regexp=/APIGATEWAY/?(?<remaining>.*), replacement=/${remaining}} to RewritePath
2026-08-27T17:54:02.236-03:00 DEBUG 27001 --- [apigateway] [DiscoveryClient-CacheRefreshExecutor-%d] o.s.c.g.r.RouteDefinitionRouteLocator    : RouteDefinition matched: ReactiveCompositeDiscoveryClient_APIGATEWAY
2026-08-27T17:54:02.238-03:00 DEBUG 27001 --- [apigateway] [DiscoveryClient-CacheRefreshExecutor-%d] o.s.c.g.filter.GatewayMetricsFilter      : New routes count: 3
2026-08-27T17:54:32.251-03:00 DEBUG 27001 --- [apigateway] [DiscoveryClient-CacheRefreshExecutor-%d] o.s.c.g.r.RouteDefinitionRouteLocator    : RouteDefinition ReactiveCompositeDiscoveryClient_CONVERSAO-CORRENTE applying {pattern=/CONVERSAO-CORRENTE/**} to Path
2026-08-27T17:54:32.254-03:00 DEBUG 27001 --- [apigateway] [DiscoveryClient-CacheRefreshExecutor-%d] o.s.c.g.r.RouteDefinitionRouteLocator    : RouteDefinition ReactiveCompositeDiscoveryClient_CONVERSAO-CORRENTE applying filter {regexp=/CONVERSAO-CORRENTE/?(?<remaining>.*), replacement=/${remaining}} to RewritePath
2026-08-27T17:54:32.255-03:00 DEBUG 27001 --- [apigateway] [DiscoveryClient-CacheRefreshExecutor-%d] o.s.c.g.r.RouteDefinitionRouteLocator    : RouteDefinition matched: ReactiveCompositeDiscoveryClient_CONVERSAO-CORRENTE
2026-08-27T17:54:32.256-03:00 DEBUG 27001 --- [apigateway] [DiscoveryClient-CacheRefreshExecutor-%d] o.s.c.g.r.RouteDefinitionRouteLocator    : RouteDefinition ReactiveCompositeDiscoveryClient_CONVERSAO-ATIVA applying {pattern=/CONVERSAO-ATIVA/**} to Path
2026-08-27T17:54:32.259-03:00 DEBUG 27001 --- [apigateway] [DiscoveryClient-CacheRefreshExecutor-%d] o.s.c.g.r.RouteDefinitionRouteLocator    : RouteDefinition ReactiveCompositeDiscoveryClient_CONVERSAO-ATIVA applying filter {regexp=/CONVERSAO-ATIVA/?(?<remaining>.*), replacement=/${remaining}} to RewritePath
2026-08-27T17:54:32.260-03:00 DEBUG 27001 --- [apigateway] [DiscoveryClient-CacheRefreshExecutor-%d] o.s.c.g.r.RouteDefinitionRouteLocator    : RouteDefinition matched: ReactiveCompositeDiscoveryClient_CONVERSAO-ATIVA
2026-08-27T17:54:32.261-03:00 DEBUG 27001 --- [apigateway] [DiscoveryClient-CacheRefreshExecutor-%d] o.s.c.g.r.RouteDefinitionRouteLocator    : RouteDefinition ReactiveCompositeDiscoveryClient_APIGATEWAY applying {pattern=/APIGATEWAY/**} to Path
2026-08-27T17:54:32.263-03:00 DEBUG 27001 --- [apigateway] [DiscoveryClient-CacheRefreshExecutor-%d] o.s.c.g.r.RouteDefinitionRouteLocator    : RouteDefinition ReactiveCompositeDiscoveryClient_APIGATEWAY applying filter {regexp=/APIGATEWAY/?(?<remaining>.*), replacement=/${remaining}} to RewritePath
2026-08-27T17:54:32.265-03:00 DEBUG 27001 --- [apigateway] [DiscoveryClient-CacheRefreshExecutor-%d] o.s.c.g.r.RouteDefinitionRouteLocator    : RouteDefinition matched: ReactiveCompositeDiscoveryClient_APIGATEWAY
2026-08-27T17:54:32.269-03:00 DEBUG 27001 --- [apigateway] [DiscoveryClient-CacheRefreshExecutor-%d] o.s.c.g.filter.GatewayMetricsFilter      : New routes count: 3
2026-08-27T17:54:51.434-03:00  INFO 27001 --- [apigateway] [SpringApplicationShutdownHook] o.s.c.n.e.s.EurekaServiceRegistry        : Unregistering application APIGATEWAY with eureka with status DOWN
2026-08-27T17:54:51.434-03:00  INFO 27001 --- [apigateway] [SpringApplicationShutdownHook] com.netflix.discovery.DiscoveryClient    : Saw local status change event StatusChangeEvent [timestamp=1787864091434, current=DOWN, previous=UP]
2026-08-27T17:54:51.434-03:00  INFO 27001 --- [apigateway] [DiscoveryClient-InstanceInfoReplicator-%d] com.netflix.discovery.DiscoveryClient    : DiscoveryClient_APIGATEWAY/192.168.0.39:apigateway:8765: registering service...
2026-08-27T17:54:51.437-03:00  INFO 27001 --- [apigateway] [SpringApplicationShutdownHook] o.s.boot.reactor.netty.GracefulShutdown  : Commencing graceful shutdown. Waiting for active requests to complete
2026-08-27T17:54:51.439-03:00  INFO 27001 --- [apigateway] [netty-shutdown] o.s.boot.reactor.netty.GracefulShutdown  : Graceful shutdown complete
2026-08-27T17:54:51.443-03:00  INFO 27001 --- [apigateway] [DiscoveryClient-InstanceInfoReplicator-%d] com.netflix.discovery.DiscoveryClient    : DiscoveryClient_APIGATEWAY/192.168.0.39:apigateway:8765 - registration status: 204
2026-08-27T17:54:51.465-03:00  INFO 27001 --- [apigateway] [SpringApplicationShutdownHook] com.netflix.discovery.DiscoveryClient    : Shutting down DiscoveryClient ...
2026-08-27T17:54:54.466-03:00  INFO 27001 --- [apigateway] [SpringApplicationShutdownHook] com.netflix.discovery.DiscoveryClient    : Unregistering ...
2026-08-27T17:54:54.469-03:00  INFO 27001 --- [apigateway] [SpringApplicationShutdownHook] c.n.d.s.t.d.RedirectingEurekaHttpClient  : Request execution error. endpoint=DefaultEndpoint{ serviceUrl='http://localhost:8761/eureka/} exception=I/O error on DELETE request for "http://localhost:8761/eureka/apps/APIGATEWAY/192.168.0.39:apigateway:8765": Connect to http://localhost:8761 failed: Conexão recusada

org.springframework.web.client.ResourceAccessException: I/O error on DELETE request for "http://localhost:8761/eureka/apps/APIGATEWAY/192.168.0.39:apigateway:8765": Connect to http://localhost:8761 failed: Conexão recusada
	at org.springframework.web.client.DefaultRestClient$DefaultRequestBodyUriSpec.createResourceAccessException(DefaultRestClient.java:779) ~[spring-web-7.0.8.jar:7.0.8]
	at org.springframework.web.client.DefaultRestClient$DefaultRequestBodyUriSpec.exchangeInternal(DefaultRestClient.java:624) ~[spring-web-7.0.8.jar:7.0.8]
	at org.springframework.web.client.DefaultRestClient$DefaultRequestBodyUriSpec.exchange(DefaultRestClient.java:572) ~[spring-web-7.0.8.jar:7.0.8]
	at org.springframework.web.client.RestClient$RequestHeadersSpec.exchange(RestClient.java:747) ~[spring-web-7.0.8.jar:7.0.8]
	at org.springframework.web.client.DefaultRestClient$DefaultResponseSpec.executeAndExtract(DefaultRestClient.java:924) ~[spring-web-7.0.8.jar:7.0.8]
	at org.springframework.web.client.DefaultRestClient$DefaultResponseSpec.toBodilessEntity(DefaultRestClient.java:888) ~[spring-web-7.0.8.jar:7.0.8]
	at org.springframework.cloud.netflix.eureka.http.RestClientEurekaHttpClient.cancel(RestClientEurekaHttpClient.java:73) ~[spring-cloud-netflix-eureka-client-5.0.2.jar:5.0.2]
	at com.netflix.discovery.shared.transport.decorator.EurekaHttpClientDecorator$2.execute(EurekaHttpClientDecorator.java:74) ~[eureka-client-2.0.6.jar:2.0.6]
	at com.netflix.discovery.shared.transport.decorator.RedirectingEurekaHttpClient.execute(RedirectingEurekaHttpClient.java:90) ~[eureka-client-2.0.6.jar:2.0.6]
	at com.netflix.discovery.shared.transport.decorator.EurekaHttpClientDecorator.cancel(EurekaHttpClientDecorator.java:71) ~[eureka-client-2.0.6.jar:2.0.6]
	at com.netflix.discovery.shared.transport.decorator.EurekaHttpClientDecorator$2.execute(EurekaHttpClientDecorator.java:74) ~[eureka-client-2.0.6.jar:2.0.6]
	at com.netflix.discovery.shared.transport.decorator.RetryableEurekaHttpClient.execute(RetryableEurekaHttpClient.java:120) ~[eureka-client-2.0.6.jar:2.0.6]
	at com.netflix.discovery.shared.transport.decorator.EurekaHttpClientDecorator.cancel(EurekaHttpClientDecorator.java:71) ~[eureka-client-2.0.6.jar:2.0.6]
	at com.netflix.discovery.shared.transport.decorator.EurekaHttpClientDecorator$2.execute(EurekaHttpClientDecorator.java:74) ~[eureka-client-2.0.6.jar:2.0.6]
	at com.netflix.discovery.shared.transport.decorator.SessionedEurekaHttpClient.execute(SessionedEurekaHttpClient.java:76) ~[eureka-client-2.0.6.jar:2.0.6]
	at com.netflix.discovery.shared.transport.decorator.EurekaHttpClientDecorator.cancel(EurekaHttpClientDecorator.java:71) ~[eureka-client-2.0.6.jar:2.0.6]
	at com.netflix.discovery.DiscoveryClient.unregister(DiscoveryClient.java:934) ~[eureka-client-2.0.6.jar:2.0.6]
	at com.netflix.discovery.DiscoveryClient.shutdown(DiscoveryClient.java:915) ~[eureka-client-2.0.6.jar:2.0.6]
	at java.base/jdk.internal.reflect.DirectMethodHandleAccessor.invoke(DirectMethodHandleAccessor.java:104) ~[na:na]
	at java.base/java.lang.reflect.Method.invoke(Method.java:565) ~[na:na]
	at org.springframework.beans.factory.annotation.InitDestroyAnnotationBeanPostProcessor$LifecycleMethod.invoke(InitDestroyAnnotationBeanPostProcessor.java:453) ~[spring-beans-7.0.8.jar:7.0.8]
	at org.springframework.beans.factory.annotation.InitDestroyAnnotationBeanPostProcessor$LifecycleMetadata.invokeDestroyMethods(InitDestroyAnnotationBeanPostProcessor.java:411) ~[spring-beans-7.0.8.jar:7.0.8]
	at org.springframework.beans.factory.annotation.InitDestroyAnnotationBeanPostProcessor.postProcessBeforeDestruction(InitDestroyAnnotationBeanPostProcessor.java:237) ~[spring-beans-7.0.8.jar:7.0.8]
	at org.springframework.beans.factory.support.DisposableBeanAdapter.destroy(DisposableBeanAdapter.java:200) ~[spring-beans-7.0.8.jar:7.0.8]
	at org.springframework.beans.factory.support.DisposableBeanAdapter.run(DisposableBeanAdapter.java:193) ~[spring-beans-7.0.8.jar:7.0.8]
	at org.springframework.cloud.context.scope.GenericScope$BeanLifecycleWrapper.destroy(GenericScope.java:387) ~[spring-cloud-context-5.0.2.jar:5.0.2]
	at org.springframework.cloud.context.scope.GenericScope.destroy(GenericScope.java:134) ~[spring-cloud-context-5.0.2.jar:5.0.2]
	at org.springframework.beans.factory.support.DisposableBeanAdapter.destroy(DisposableBeanAdapter.java:209) ~[spring-beans-7.0.8.jar:7.0.8]
	at org.springframework.beans.factory.support.DefaultSingletonBeanRegistry.destroyBean(DefaultSingletonBeanRegistry.java:795) ~[spring-beans-7.0.8.jar:7.0.8]
	at org.springframework.beans.factory.support.DefaultSingletonBeanRegistry.destroySingleton(DefaultSingletonBeanRegistry.java:745) ~[spring-beans-7.0.8.jar:7.0.8]
	at org.springframework.beans.factory.support.DefaultListableBeanFactory.destroySingleton(DefaultListableBeanFactory.java:1507) ~[spring-beans-7.0.8.jar:7.0.8]
	at org.springframework.beans.factory.support.DefaultSingletonBeanRegistry.destroySingletons(DefaultSingletonBeanRegistry.java:704) ~[spring-beans-7.0.8.jar:7.0.8]
	at org.springframework.beans.factory.support.DefaultListableBeanFactory.destroySingletons(DefaultListableBeanFactory.java:1500) ~[spring-beans-7.0.8.jar:7.0.8]
	at org.springframework.context.support.AbstractApplicationContext.destroyBeans(AbstractApplicationContext.java:1246) ~[spring-context-7.0.8.jar:7.0.8]
	at org.springframework.context.support.AbstractApplicationContext.doClose(AbstractApplicationContext.java:1207) ~[spring-context-7.0.8.jar:7.0.8]
	at org.springframework.boot.web.server.reactive.context.ReactiveWebServerApplicationContext.doClose(ReactiveWebServerApplicationContext.java:158) ~[spring-boot-web-server-4.1.0.jar:4.1.0]
	at org.springframework.context.support.AbstractApplicationContext.close(AbstractApplicationContext.java:1153) ~[spring-context-7.0.8.jar:7.0.8]
	at org.springframework.boot.SpringApplicationShutdownHook.closeAndWait(SpringApplicationShutdownHook.java:147) ~[spring-boot-4.1.0.jar:4.1.0]
	at java.base/java.lang.Iterable.forEach(Iterable.java:75) ~[na:na]
	at org.springframework.boot.SpringApplicationShutdownHook.run(SpringApplicationShutdownHook.java:116) ~[spring-boot-4.1.0.jar:4.1.0]
	at java.base/java.lang.Thread.run(Thread.java:1474) ~[na:na]
Caused by: org.apache.hc.client5.http.HttpHostConnectException: Connect to http://localhost:8761 failed: Conexão recusada
	at java.base/sun.nio.ch.Net.pollConnect(Native Method) ~[na:na]
	at java.base/sun.nio.ch.Net.pollConnectNow(Net.java:639) ~[na:na]
	at java.base/sun.nio.ch.NioSocketImpl.timedFinishConnect(NioSocketImpl.java:543) ~[na:na]
	at java.base/sun.nio.ch.NioSocketImpl.connect(NioSocketImpl.java:594) ~[na:na]
	at java.base/java.net.SocksSocketImpl.connect(SocksSocketImpl.java:284) ~[na:na]
	at java.base/java.net.Socket.connect(Socket.java:659) ~[na:na]
	at org.apache.hc.client5.http.impl.io.DefaultHttpClientConnectionOperator.connect(DefaultHttpClientConnectionOperator.java:219) ~[httpclient5-5.6.1.jar:5.6.1]
	at org.apache.hc.client5.http.impl.io.PoolingHttpClientConnectionManager.connect(PoolingHttpClientConnectionManager.java:547) ~[httpclient5-5.6.1.jar:5.6.1]
	at org.apache.hc.client5.http.impl.classic.InternalExecRuntime.connectEndpoint(InternalExecRuntime.java:164) ~[httpclient5-5.6.1.jar:5.6.1]
	at org.apache.hc.client5.http.impl.classic.InternalExecRuntime.connectEndpoint(InternalExecRuntime.java:174) ~[httpclient5-5.6.1.jar:5.6.1]
	at org.apache.hc.client5.http.impl.classic.ConnectExec.execute(ConnectExec.java:144) ~[httpclient5-5.6.1.jar:5.6.1]
	at org.apache.hc.client5.http.impl.classic.ExecChainElement.execute(ExecChainElement.java:51) ~[httpclient5-5.6.1.jar:5.6.1]
	at org.apache.hc.client5.http.impl.classic.ProtocolExec.execute(ProtocolExec.java:192) ~[httpclient5-5.6.1.jar:5.6.1]
	at org.apache.hc.client5.http.impl.classic.ExecChainElement.execute(ExecChainElement.java:51) ~[httpclient5-5.6.1.jar:5.6.1]
	at org.apache.hc.client5.http.impl.classic.ContentCompressionExec.execute(ContentCompressionExec.java:138) ~[httpclient5-5.6.1.jar:5.6.1]
	at org.apache.hc.client5.http.impl.classic.ExecChainElement.execute(ExecChainElement.java:51) ~[httpclient5-5.6.1.jar:5.6.1]
	at org.apache.hc.client5.http.impl.classic.HttpRequestRetryExec.execute(HttpRequestRetryExec.java:112) ~[httpclient5-5.6.1.jar:5.6.1]
	at org.apache.hc.client5.http.impl.classic.ExecChainElement.execute(ExecChainElement.java:51) ~[httpclient5-5.6.1.jar:5.6.1]
	at org.apache.hc.client5.http.impl.classic.RedirectExec.execute(RedirectExec.java:110) ~[httpclient5-5.6.1.jar:5.6.1]
	at org.apache.hc.client5.http.impl.classic.ExecChainElement.execute(ExecChainElement.java:51) ~[httpclient5-5.6.1.jar:5.6.1]
	at org.apache.hc.client5.http.impl.classic.InternalHttpClient.doExecute(InternalHttpClient.java:185) ~[httpclient5-5.6.1.jar:5.6.1]
	at org.apache.hc.client5.http.impl.classic.CloseableHttpClient.execute(CloseableHttpClient.java:87) ~[httpclient5-5.6.1.jar:5.6.1]
	at org.apache.hc.client5.http.impl.classic.CloseableHttpClient.execute(CloseableHttpClient.java:55) ~[httpclient5-5.6.1.jar:5.6.1]
	at org.apache.hc.client5.http.classic.HttpClient.executeOpen(HttpClient.java:183) ~[httpclient5-5.6.1.jar:5.6.1]
	at org.springframework.http.client.HttpComponentsClientHttpRequest.executeInternal(HttpComponentsClientHttpRequest.java:99) ~[spring-web-7.0.8.jar:7.0.8]
	at org.springframework.http.client.AbstractStreamingClientHttpRequest.executeInternal(AbstractStreamingClientHttpRequest.java:87) ~[spring-web-7.0.8.jar:7.0.8]
	at org.springframework.http.client.AbstractClientHttpRequest.execute(AbstractClientHttpRequest.java:80) ~[spring-web-7.0.8.jar:7.0.8]
	at org.springframework.http.client.AbstractBufferingClientHttpRequest.executeWithRequestAndBody(AbstractBufferingClientHttpRequest.java:89) ~[spring-web-7.0.8.jar:7.0.8]
	at org.springframework.http.client.InterceptingClientHttpRequest$EndOfChainRequestExecution.execute(InterceptingClientHttpRequest.java:102) ~[spring-web-7.0.8.jar:7.0.8]
	at org.springframework.cloud.netflix.eureka.http.RestClientTransportClientFactory.lambda$newClient$2(RestClientTransportClientFactory.java:98) ~[spring-cloud-netflix-eureka-client-5.0.2.jar:5.0.2]
	at org.springframework.http.client.ClientHttpRequestInterceptor.lambda$apply$0(ClientHttpRequestInterceptor.java:89) ~[spring-web-7.0.8.jar:7.0.8]
	at org.springframework.http.client.InterceptingClientHttpRequest.executeInternal(InterceptingClientHttpRequest.java:73) ~[spring-web-7.0.8.jar:7.0.8]
	at org.springframework.http.client.AbstractBufferingClientHttpRequest.executeInternal(AbstractBufferingClientHttpRequest.java:50) ~[spring-web-7.0.8.jar:7.0.8]
	at org.springframework.http.client.AbstractClientHttpRequest.execute(AbstractClientHttpRequest.java:80) ~[spring-web-7.0.8.jar:7.0.8]
	at org.springframework.web.client.DefaultRestClient$DefaultRequestBodyUriSpec.exchangeInternal(DefaultRestClient.java:614) ~[spring-web-7.0.8.jar:7.0.8]
	... 39 common frames omitted

2026-08-27T17:54:54.488-03:00  WARN 27001 --- [apigateway] [SpringApplicationShutdownHook] c.n.d.s.t.d.RetryableEurekaHttpClient    : Request execution failed with message: I/O error on DELETE request for "http://localhost:8761/eureka/apps/APIGATEWAY/192.168.0.39:apigateway:8765": Connect to http://localhost:8761 failed: Conexão recusada
2026-08-27T17:54:54.495-03:00  INFO 27001 --- [apigateway] [SpringApplicationShutdownHook] c.n.d.s.t.d.RedirectingEurekaHttpClient  : Request execution error. endpoint=DefaultEndpoint{ serviceUrl='http://localhost:8761/eureka/}, exception=I/O error on DELETE request for "http://localhost:8761/eureka/apps/APIGATEWAY/192.168.0.39:apigateway:8765": Connect to http://localhost:8761 failed: Conexão recusada

org.springframework.web.client.ResourceAccessException: I/O error on DELETE request for "http://localhost:8761/eureka/apps/APIGATEWAY/192.168.0.39:apigateway:8765": Connect to http://localhost:8761 failed: Conexão recusada
	at org.springframework.web.client.DefaultRestClient$DefaultRequestBodyUriSpec.createResourceAccessException(DefaultRestClient.java:779) ~[spring-web-7.0.8.jar:7.0.8]
	at org.springframework.web.client.DefaultRestClient$DefaultRequestBodyUriSpec.exchangeInternal(DefaultRestClient.java:624) ~[spring-web-7.0.8.jar:7.0.8]
	at org.springframework.web.client.DefaultRestClient$DefaultRequestBodyUriSpec.exchange(DefaultRestClient.java:572) ~[spring-web-7.0.8.jar:7.0.8]
	at org.springframework.web.client.RestClient$RequestHeadersSpec.exchange(RestClient.java:747) ~[spring-web-7.0.8.jar:7.0.8]
	at org.springframework.web.client.DefaultRestClient$DefaultResponseSpec.executeAndExtract(DefaultRestClient.java:924) ~[spring-web-7.0.8.jar:7.0.8]
	at org.springframework.web.client.DefaultRestClient$DefaultResponseSpec.toBodilessEntity(DefaultRestClient.java:888) ~[spring-web-7.0.8.jar:7.0.8]
	at org.springframework.cloud.netflix.eureka.http.RestClientEurekaHttpClient.cancel(RestClientEurekaHttpClient.java:73) ~[spring-cloud-netflix-eureka-client-5.0.2.jar:5.0.2]
	at com.netflix.discovery.shared.transport.decorator.EurekaHttpClientDecorator$2.execute(EurekaHttpClientDecorator.java:74) ~[eureka-client-2.0.6.jar:2.0.6]
	at com.netflix.discovery.shared.transport.decorator.RedirectingEurekaHttpClient.executeOnNewServer(RedirectingEurekaHttpClient.java:120) ~[eureka-client-2.0.6.jar:2.0.6]
	at com.netflix.discovery.shared.transport.decorator.RedirectingEurekaHttpClient.execute(RedirectingEurekaHttpClient.java:79) ~[eureka-client-2.0.6.jar:2.0.6]
	at com.netflix.discovery.shared.transport.decorator.EurekaHttpClientDecorator.cancel(EurekaHttpClientDecorator.java:71) ~[eureka-client-2.0.6.jar:2.0.6]
	at com.netflix.discovery.shared.transport.decorator.EurekaHttpClientDecorator$2.execute(EurekaHttpClientDecorator.java:74) ~[eureka-client-2.0.6.jar:2.0.6]
	at com.netflix.discovery.shared.transport.decorator.RetryableEurekaHttpClient.execute(RetryableEurekaHttpClient.java:120) ~[eureka-client-2.0.6.jar:2.0.6]
	at com.netflix.discovery.shared.transport.decorator.EurekaHttpClientDecorator.cancel(EurekaHttpClientDecorator.java:71) ~[eureka-client-2.0.6.jar:2.0.6]
	at com.netflix.discovery.shared.transport.decorator.EurekaHttpClientDecorator$2.execute(EurekaHttpClientDecorator.java:74) ~[eureka-client-2.0.6.jar:2.0.6]
	at com.netflix.discovery.shared.transport.decorator.SessionedEurekaHttpClient.execute(SessionedEurekaHttpClient.java:76) ~[eureka-client-2.0.6.jar:2.0.6]
	at com.netflix.discovery.shared.transport.decorator.EurekaHttpClientDecorator.cancel(EurekaHttpClientDecorator.java:71) ~[eureka-client-2.0.6.jar:2.0.6]
	at com.netflix.discovery.DiscoveryClient.unregister(DiscoveryClient.java:934) ~[eureka-client-2.0.6.jar:2.0.6]
	at com.netflix.discovery.DiscoveryClient.shutdown(DiscoveryClient.java:915) ~[eureka-client-2.0.6.jar:2.0.6]
	at java.base/jdk.internal.reflect.DirectMethodHandleAccessor.invoke(DirectMethodHandleAccessor.java:104) ~[na:na]
	at java.base/java.lang.reflect.Method.invoke(Method.java:565) ~[na:na]
	at org.springframework.beans.factory.annotation.InitDestroyAnnotationBeanPostProcessor$LifecycleMethod.invoke(InitDestroyAnnotationBeanPostProcessor.java:453) ~[spring-beans-7.0.8.jar:7.0.8]
	at org.springframework.beans.factory.annotation.InitDestroyAnnotationBeanPostProcessor$LifecycleMetadata.invokeDestroyMethods(InitDestroyAnnotationBeanPostProcessor.java:411) ~[spring-beans-7.0.8.jar:7.0.8]
	at org.springframework.beans.factory.annotation.InitDestroyAnnotationBeanPostProcessor.postProcessBeforeDestruction(InitDestroyAnnotationBeanPostProcessor.java:237) ~[spring-beans-7.0.8.jar:7.0.8]
	at org.springframework.beans.factory.support.DisposableBeanAdapter.destroy(DisposableBeanAdapter.java:200) ~[spring-beans-7.0.8.jar:7.0.8]
	at org.springframework.beans.factory.support.DisposableBeanAdapter.run(DisposableBeanAdapter.java:193) ~[spring-beans-7.0.8.jar:7.0.8]
	at org.springframework.cloud.context.scope.GenericScope$BeanLifecycleWrapper.destroy(GenericScope.java:387) ~[spring-cloud-context-5.0.2.jar:5.0.2]
	at org.springframework.cloud.context.scope.GenericScope.destroy(GenericScope.java:134) ~[spring-cloud-context-5.0.2.jar:5.0.2]
	at org.springframework.beans.factory.support.DisposableBeanAdapter.destroy(DisposableBeanAdapter.java:209) ~[spring-beans-7.0.8.jar:7.0.8]
	at org.springframework.beans.factory.support.DefaultSingletonBeanRegistry.destroyBean(DefaultSingletonBeanRegistry.java:795) ~[spring-beans-7.0.8.jar:7.0.8]
	at org.springframework.beans.factory.support.DefaultSingletonBeanRegistry.destroySingleton(DefaultSingletonBeanRegistry.java:745) ~[spring-beans-7.0.8.jar:7.0.8]
	at org.springframework.beans.factory.support.DefaultListableBeanFactory.destroySingleton(DefaultListableBeanFactory.java:1507) ~[spring-beans-7.0.8.jar:7.0.8]
	at org.springframework.beans.factory.support.DefaultSingletonBeanRegistry.destroySingletons(DefaultSingletonBeanRegistry.java:704) ~[spring-beans-7.0.8.jar:7.0.8]
	at org.springframework.beans.factory.support.DefaultListableBeanFactory.destroySingletons(DefaultListableBeanFactory.java:1500) ~[spring-beans-7.0.8.jar:7.0.8]
	at org.springframework.context.support.AbstractApplicationContext.destroyBeans(AbstractApplicationContext.java:1246) ~[spring-context-7.0.8.jar:7.0.8]
	at org.springframework.context.support.AbstractApplicationContext.doClose(AbstractApplicationContext.java:1207) ~[spring-context-7.0.8.jar:7.0.8]
	at org.springframework.boot.web.server.reactive.context.ReactiveWebServerApplicationContext.doClose(ReactiveWebServerApplicationContext.java:158) ~[spring-boot-web-server-4.1.0.jar:4.1.0]
	at org.springframework.context.support.AbstractApplicationContext.close(AbstractApplicationContext.java:1153) ~[spring-context-7.0.8.jar:7.0.8]
	at org.springframework.boot.SpringApplicationShutdownHook.closeAndWait(SpringApplicationShutdownHook.java:147) ~[spring-boot-4.1.0.jar:4.1.0]
	at java.base/java.lang.Iterable.forEach(Iterable.java:75) ~[na:na]
	at org.springframework.boot.SpringApplicationShutdownHook.run(SpringApplicationShutdownHook.java:116) ~[spring-boot-4.1.0.jar:4.1.0]
	at java.base/java.lang.Thread.run(Thread.java:1474) ~[na:na]
Caused by: org.apache.hc.client5.http.HttpHostConnectException: Connect to http://localhost:8761 failed: Conexão recusada
	at java.base/sun.nio.ch.Net.pollConnect(Native Method) ~[na:na]
	at java.base/sun.nio.ch.Net.pollConnectNow(Net.java:639) ~[na:na]
	at java.base/sun.nio.ch.NioSocketImpl.timedFinishConnect(NioSocketImpl.java:543) ~[na:na]
	at java.base/sun.nio.ch.NioSocketImpl.connect(NioSocketImpl.java:594) ~[na:na]
	at java.base/java.net.SocksSocketImpl.connect(SocksSocketImpl.java:284) ~[na:na]
	at java.base/java.net.Socket.connect(Socket.java:659) ~[na:na]
	at org.apache.hc.client5.http.impl.io.DefaultHttpClientConnectionOperator.connect(DefaultHttpClientConnectionOperator.java:219) ~[httpclient5-5.6.1.jar:5.6.1]
	at org.apache.hc.client5.http.impl.io.PoolingHttpClientConnectionManager.connect(PoolingHttpClientConnectionManager.java:547) ~[httpclient5-5.6.1.jar:5.6.1]
	at org.apache.hc.client5.http.impl.classic.InternalExecRuntime.connectEndpoint(InternalExecRuntime.java:164) ~[httpclient5-5.6.1.jar:5.6.1]
	at org.apache.hc.client5.http.impl.classic.InternalExecRuntime.connectEndpoint(InternalExecRuntime.java:174) ~[httpclient5-5.6.1.jar:5.6.1]
	at org.apache.hc.client5.http.impl.classic.ConnectExec.execute(ConnectExec.java:144) ~[httpclient5-5.6.1.jar:5.6.1]
	at org.apache.hc.client5.http.impl.classic.ExecChainElement.execute(ExecChainElement.java:51) ~[httpclient5-5.6.1.jar:5.6.1]
	at org.apache.hc.client5.http.impl.classic.ProtocolExec.execute(ProtocolExec.java:192) ~[httpclient5-5.6.1.jar:5.6.1]
	at org.apache.hc.client5.http.impl.classic.ExecChainElement.execute(ExecChainElement.java:51) ~[httpclient5-5.6.1.jar:5.6.1]
	at org.apache.hc.client5.http.impl.classic.ContentCompressionExec.execute(ContentCompressionExec.java:138) ~[httpclient5-5.6.1.jar:5.6.1]
	at org.apache.hc.client5.http.impl.classic.ExecChainElement.execute(ExecChainElement.java:51) ~[httpclient5-5.6.1.jar:5.6.1]
	at org.apache.hc.client5.http.impl.classic.HttpRequestRetryExec.execute(HttpRequestRetryExec.java:112) ~[httpclient5-5.6.1.jar:5.6.1]
	at org.apache.hc.client5.http.impl.classic.ExecChainElement.execute(ExecChainElement.java:51) ~[httpclient5-5.6.1.jar:5.6.1]
	at org.apache.hc.client5.http.impl.classic.RedirectExec.execute(RedirectExec.java:110) ~[httpclient5-5.6.1.jar:5.6.1]
	at org.apache.hc.client5.http.impl.classic.ExecChainElement.execute(ExecChainElement.java:51) ~[httpclient5-5.6.1.jar:5.6.1]
	at org.apache.hc.client5.http.impl.classic.InternalHttpClient.doExecute(InternalHttpClient.java:185) ~[httpclient5-5.6.1.jar:5.6.1]
	at org.apache.hc.client5.http.impl.classic.CloseableHttpClient.execute(CloseableHttpClient.java:87) ~[httpclient5-5.6.1.jar:5.6.1]
	at org.apache.hc.client5.http.impl.classic.CloseableHttpClient.execute(CloseableHttpClient.java:55) ~[httpclient5-5.6.1.jar:5.6.1]
	at org.apache.hc.client5.http.classic.HttpClient.executeOpen(HttpClient.java:183) ~[httpclient5-5.6.1.jar:5.6.1]
	at org.springframework.http.client.HttpComponentsClientHttpRequest.executeInternal(HttpComponentsClientHttpRequest.java:99) ~[spring-web-7.0.8.jar:7.0.8]
	at org.springframework.http.client.AbstractStreamingClientHttpRequest.executeInternal(AbstractStreamingClientHttpRequest.java:87) ~[spring-web-7.0.8.jar:7.0.8]
	at org.springframework.http.client.AbstractClientHttpRequest.execute(AbstractClientHttpRequest.java:80) ~[spring-web-7.0.8.jar:7.0.8]
	at org.springframework.http.client.AbstractBufferingClientHttpRequest.executeWithRequestAndBody(AbstractBufferingClientHttpRequest.java:89) ~[spring-web-7.0.8.jar:7.0.8]
	at org.springframework.http.client.InterceptingClientHttpRequest$EndOfChainRequestExecution.execute(InterceptingClientHttpRequest.java:102) ~[spring-web-7.0.8.jar:7.0.8]
	at org.springframework.cloud.netflix.eureka.http.RestClientTransportClientFactory.lambda$newClient$2(RestClientTransportClientFactory.java:98) ~[spring-cloud-netflix-eureka-client-5.0.2.jar:5.0.2]
	at org.springframework.http.client.ClientHttpRequestInterceptor.lambda$apply$0(ClientHttpRequestInterceptor.java:89) ~[spring-web-7.0.8.jar:7.0.8]
	at org.springframework.http.client.InterceptingClientHttpRequest.executeInternal(InterceptingClientHttpRequest.java:73) ~[spring-web-7.0.8.jar:7.0.8]
	at org.springframework.http.client.AbstractBufferingClientHttpRequest.executeInternal(AbstractBufferingClientHttpRequest.java:50) ~[spring-web-7.0.8.jar:7.0.8]
	at org.springframework.http.client.AbstractClientHttpRequest.execute(AbstractClientHttpRequest.java:80) ~[spring-web-7.0.8.jar:7.0.8]
	at org.springframework.web.client.DefaultRestClient$DefaultRequestBodyUriSpec.exchangeInternal(DefaultRestClient.java:614) ~[spring-web-7.0.8.jar:7.0.8]
	... 40 common frames omitted

2026-08-27T17:54:54.498-03:00  WARN 27001 --- [apigateway] [SpringApplicationShutdownHook] c.n.d.s.t.d.RetryableEurekaHttpClient    : Request execution failed with message: I/O error on DELETE request for "http://localhost:8761/eureka/apps/APIGATEWAY/192.168.0.39:apigateway:8765": Connect to http://localhost:8761 failed: Conexão recusada
2026-08-27T17:54:54.498-03:00 ERROR 27001 --- [apigateway] [SpringApplicationShutdownHook] com.netflix.discovery.DiscoveryClient    : DiscoveryClient_APIGATEWAY/192.168.0.39:apigateway:8765 - de-registration failedCannot execute request on any known server

com.netflix.discovery.shared.transport.TransportException: Cannot execute request on any known server
	at com.netflix.discovery.shared.transport.decorator.RetryableEurekaHttpClient.execute(RetryableEurekaHttpClient.java:112) ~[eureka-client-2.0.6.jar:2.0.6]
	at com.netflix.discovery.shared.transport.decorator.EurekaHttpClientDecorator.cancel(EurekaHttpClientDecorator.java:71) ~[eureka-client-2.0.6.jar:2.0.6]
	at com.netflix.discovery.shared.transport.decorator.EurekaHttpClientDecorator$2.execute(EurekaHttpClientDecorator.java:74) ~[eureka-client-2.0.6.jar:2.0.6]
	at com.netflix.discovery.shared.transport.decorator.SessionedEurekaHttpClient.execute(SessionedEurekaHttpClient.java:76) ~[eureka-client-2.0.6.jar:2.0.6]
	at com.netflix.discovery.shared.transport.decorator.EurekaHttpClientDecorator.cancel(EurekaHttpClientDecorator.java:71) ~[eureka-client-2.0.6.jar:2.0.6]
	at com.netflix.discovery.DiscoveryClient.unregister(DiscoveryClient.java:934) ~[eureka-client-2.0.6.jar:2.0.6]
	at com.netflix.discovery.DiscoveryClient.shutdown(DiscoveryClient.java:915) ~[eureka-client-2.0.6.jar:2.0.6]
	at java.base/jdk.internal.reflect.DirectMethodHandleAccessor.invoke(DirectMethodHandleAccessor.java:104) ~[na:na]
	at java.base/java.lang.reflect.Method.invoke(Method.java:565) ~[na:na]
	at org.springframework.beans.factory.annotation.InitDestroyAnnotationBeanPostProcessor$LifecycleMethod.invoke(InitDestroyAnnotationBeanPostProcessor.java:453) ~[spring-beans-7.0.8.jar:7.0.8]
	at org.springframework.beans.factory.annotation.InitDestroyAnnotationBeanPostProcessor$LifecycleMetadata.invokeDestroyMethods(InitDestroyAnnotationBeanPostProcessor.java:411) ~[spring-beans-7.0.8.jar:7.0.8]
	at org.springframework.beans.factory.annotation.InitDestroyAnnotationBeanPostProcessor.postProcessBeforeDestruction(InitDestroyAnnotationBeanPostProcessor.java:237) ~[spring-beans-7.0.8.jar:7.0.8]
	at org.springframework.beans.factory.support.DisposableBeanAdapter.destroy(DisposableBeanAdapter.java:200) ~[spring-beans-7.0.8.jar:7.0.8]
	at org.springframework.beans.factory.support.DisposableBeanAdapter.run(DisposableBeanAdapter.java:193) ~[spring-beans-7.0.8.jar:7.0.8]
	at org.springframework.cloud.context.scope.GenericScope$BeanLifecycleWrapper.destroy(GenericScope.java:387) ~[spring-cloud-context-5.0.2.jar:5.0.2]
	at org.springframework.cloud.context.scope.GenericScope.destroy(GenericScope.java:134) ~[spring-cloud-context-5.0.2.jar:5.0.2]
	at org.springframework.beans.factory.support.DisposableBeanAdapter.destroy(DisposableBeanAdapter.java:209) ~[spring-beans-7.0.8.jar:7.0.8]
	at org.springframework.beans.factory.support.DefaultSingletonBeanRegistry.destroyBean(DefaultSingletonBeanRegistry.java:795) ~[spring-beans-7.0.8.jar:7.0.8]
	at org.springframework.beans.factory.support.DefaultSingletonBeanRegistry.destroySingleton(DefaultSingletonBeanRegistry.java:745) ~[spring-beans-7.0.8.jar:7.0.8]
	at org.springframework.beans.factory.support.DefaultListableBeanFactory.destroySingleton(DefaultListableBeanFactory.java:1507) ~[spring-beans-7.0.8.jar:7.0.8]
	at org.springframework.beans.factory.support.DefaultSingletonBeanRegistry.destroySingletons(DefaultSingletonBeanRegistry.java:704) ~[spring-beans-7.0.8.jar:7.0.8]
	at org.springframework.beans.factory.support.DefaultListableBeanFactory.destroySingletons(DefaultListableBeanFactory.java:1500) ~[spring-beans-7.0.8.jar:7.0.8]
	at org.springframework.context.support.AbstractApplicationContext.destroyBeans(AbstractApplicationContext.java:1246) ~[spring-context-7.0.8.jar:7.0.8]
	at org.springframework.context.support.AbstractApplicationContext.doClose(AbstractApplicationContext.java:1207) ~[spring-context-7.0.8.jar:7.0.8]
	at org.springframework.boot.web.server.reactive.context.ReactiveWebServerApplicationContext.doClose(ReactiveWebServerApplicationContext.java:158) ~[spring-boot-web-server-4.1.0.jar:4.1.0]
	at org.springframework.context.support.AbstractApplicationContext.close(AbstractApplicationContext.java:1153) ~[spring-context-7.0.8.jar:7.0.8]
	at org.springframework.boot.SpringApplicationShutdownHook.closeAndWait(SpringApplicationShutdownHook.java:147) ~[spring-boot-4.1.0.jar:4.1.0]
	at java.base/java.lang.Iterable.forEach(Iterable.java:75) ~[na:na]
	at org.springframework.boot.SpringApplicationShutdownHook.run(SpringApplicationShutdownHook.java:116) ~[spring-boot-4.1.0.jar:4.1.0]
	at java.base/java.lang.Thread.run(Thread.java:1474) ~[na:na]

2026-08-27T17:54:54.499-03:00  INFO 27001 --- [apigateway] [SpringApplicationShutdownHook] com.netflix.discovery.DiscoveryClient    : Completed shut down of DiscoveryClient
